sample_id,cve_id,cve_description,technique_id,technique_name,technique_description,ai_decision,evidence_from_cve,ai_rationale,ai_confidence,human_review_recommended,audit_basis,split,source_membership,analysis_weight,selection_probability
LSA-679178ABF08D,CVE_2018_8111,"A remote code execution vulnerability exists when Microsoft Edge improperly accesses objects in memory, aka ""Microsoft Edge Memory Corruption Vulnerability."" This affects Microsoft Edge. This CVE ID is unique from CVE-2018-8110, CVE-2018-8236.",T1005,Data from Local System,"Adversaries may search local system sources, such as file systems, configuration files, local databases, virtual machine files, or process memory, to find files of interest and sensitive data prior to Exfiltration. Adversaries may do this using a Command and Scripting Interpreter, such as cmd as well as a Network Device CLI, which have functionality to interact with the file system to gather information. Adversaries may also use Automated Collection on the local system.",unsupported,"A remote code execution vulnerability exists when Microsoft Edge improperly accesses objects in memory, aka ""Microsoft Edge Memory Corruption Vulnerability."" This affects Microsoft Edge.",The CVE description concerns a different behavior or consequence and does not describe collecting or reading data from a local system.,high,False,CVE description and ATT&CK technique definition only,test,source_train,18.0,0.0555555555556
LSA-47A46D755231,CVE_2019_16768,"In affected versions of Sylius, exception messages from internal exceptions (like database exception) are wrapped by \Symfony\Component\Security\Core\Exception\AuthenticationServiceException and propagated through the system to UI. Therefore, some internal system information may leak and be visible to the customer. A validation message with the exception details will be presented to the user when one will try to log into the shop. This has been patched in versions 1.3.14, 1.4.10, 1.5.7, and 1.6.3.",T1005,Data from Local System,"Adversaries may search local system sources, such as file systems, configuration files, local databases, virtual machine files, or process memory, to find files of interest and sensitive data prior to Exfiltration. Adversaries may do this using a Command and Scripting Interpreter, such as cmd as well as a Network Device CLI, which have functionality to interact with the file system to gather information. Adversaries may also use Automated Collection on the local system.",inferential_or_plausible,"In affected versions of Sylius, exception messages from internal exceptions (like database exception) are wrapped by \Symfony\Component\Security\Core\Exception\AuthenticationServiceException and propagated through the system to UI.","The vulnerability could enable collecting or reading data from a local system, but the CVE text does not explicitly establish every element of the ATT&CK technique.",medium,False,CVE description and ATT&CK technique definition only,development,source_train,18.0,0.0555555555556
LSA-6E2112B9AF76,CVE_2019_1860,"A vulnerability in the dashboard gadget rendering of Cisco Unified Intelligence Center could allow an unauthenticated, remote attacker to obtain or manipulate sensitive information between a user&amp;rsquo;s browser and Cisco Unified Intelligence Center. The vulnerability is due to the lack of gadget validation. An attacker could exploit this vulnerability by forcing a user to load a malicious gadget. A successful exploit could allow the attacker to obtain sensitive information, such as current user credentials, or manipulate data between the user&amp;rsquo;s browser and Cisco Unified Intelligence Center in the context of the malicious gadget.",T1005,Data from Local System,"Adversaries may search local system sources, such as file systems, configuration files, local databases, virtual machine files, or process memory, to find files of interest and sensitive data prior to Exfiltration. Adversaries may do this using a Command and Scripting Interpreter, such as cmd as well as a Network Device CLI, which have functionality to interact with the file system to gather information. Adversaries may also use Automated Collection on the local system.",inferential_or_plausible,"A vulnerability in the dashboard gadget rendering of Cisco Unified Intelligence Center could allow an unauthenticated, remote attacker to obtain or manipulate sensitive information between a user&amp;rsquo;s browser and Cisco Unified Intelligence Center.","The vulnerability could enable collecting or reading data from a local system, but the CVE text does not explicitly establish every element of the ATT&CK technique.",medium,False,CVE description and ATT&CK technique definition only,test,source_train,18.0,0.0555555555556
LSA-E06000B3180D,CVE_2019_6522,"Moxa IKS and EDS fails to properly check array bounds which may allow an attacker to read device memory on arbitrary addresses, and may allow an attacker to retrieve sensitive data or cause device reboot.",T1005,Data from Local System,"Adversaries may search local system sources, such as file systems, configuration files, local databases, virtual machine files, or process memory, to find files of interest and sensitive data prior to Exfiltration. Adversaries may do this using a Command and Scripting Interpreter, such as cmd as well as a Network Device CLI, which have functionality to interact with the file system to gather information. Adversaries may also use Automated Collection on the local system.",directly_supported,"Moxa IKS and EDS fails to properly check array bounds which may allow an attacker to read device memory on arbitrary addresses, and may allow an attacker to retrieve sensitive data or cause device reboot.",The CVE description explicitly describes collecting or reading data from a local system; the central behavior is stated rather than inferred.,high,False,CVE description and ATT&CK technique definition only,test,source_test,18.0,0.0555555555556
LSA-4A54CBBC5F92,CVE_2020_1111,"An elevation of privilege vulnerability exists when Windows improperly handles calls to Clipboard Service, aka 'Windows Clipboard Service Elevation of Privilege Vulnerability'. This CVE ID is unique from CVE-2020-1121, CVE-2020-1165, CVE-2020-1166.",T1005,Data from Local System,"Adversaries may search local system sources, such as file systems, configuration files, local databases, virtual machine files, or process memory, to find files of interest and sensitive data prior to Exfiltration. Adversaries may do this using a Command and Scripting Interpreter, such as cmd as well as a Network Device CLI, which have functionality to interact with the file system to gather information. Adversaries may also use Automated Collection on the local system.",unsupported,"An elevation of privilege vulnerability exists when Windows improperly handles calls to Clipboard Service, aka 'Windows Clipboard Service Elevation of Privilege Vulnerability'.",The CVE description concerns a different behavior or consequence and does not describe collecting or reading data from a local system.,high,False,CVE description and ATT&CK technique definition only,test,source_train,18.0,0.0555555555556
LSA-91A73F690B4A,CVE_2021_20656,"Exposure of information through directory listing in SolarView Compact SV-CPT-MC310 prior to Ver.6.5 allows an authenticated attacker to obtain the information inside the system, such as directories and/or file configurations via unspecified vectors.",T1005,Data from Local System,"Adversaries may search local system sources, such as file systems, configuration files, local databases, virtual machine files, or process memory, to find files of interest and sensitive data prior to Exfiltration. Adversaries may do this using a Command and Scripting Interpreter, such as cmd as well as a Network Device CLI, which have functionality to interact with the file system to gather information. Adversaries may also use Automated Collection on the local system.",directly_supported,"Exposure of information through directory listing in SolarView Compact SV-CPT-MC310 prior to Ver.6.5 allows an authenticated attacker to obtain the information inside the system, such as directories and/or file configurations via unspecified vectors.",The CVE description explicitly describes collecting or reading data from a local system; the central behavior is stated rather than inferred.,high,False,CVE description and ATT&CK technique definition only,test,source_train,18.0,0.0555555555556
LSA-D6A851DBD4C4,CVE_2021_35326,A vulnerability in TOTOLINK A720R router with firmware v4.1.5cu.470_B20200911 allows attackers to download the configuration file via sending a crafted HTTP request.,T1005,Data from Local System,"Adversaries may search local system sources, such as file systems, configuration files, local databases, virtual machine files, or process memory, to find files of interest and sensitive data prior to Exfiltration. Adversaries may do this using a Command and Scripting Interpreter, such as cmd as well as a Network Device CLI, which have functionality to interact with the file system to gather information. Adversaries may also use Automated Collection on the local system.",directly_supported,A vulnerability in TOTOLINK A720R router with firmware v4.1.5cu.470_B20200911 allows attackers to download the configuration file via sending a crafted HTTP request.,The CVE description explicitly describes collecting or reading data from a local system; the central behavior is stated rather than inferred.,high,False,CVE description and ATT&CK technique definition only,test,source_train,18.0,0.0555555555556
LSA-B832239FD1EE,CVE_2021_41026,"A relative path traversal in FortiWeb versions 6.4.1, 6.4.0, and 6.3.0 through 6.3.15 may allow an authenticated attacker to retrieve arbitrary files from the underlying filesystem via specially crafted web requests.",T1005,Data from Local System,"Adversaries may search local system sources, such as file systems, configuration files, local databases, virtual machine files, or process memory, to find files of interest and sensitive data prior to Exfiltration. Adversaries may do this using a Command and Scripting Interpreter, such as cmd as well as a Network Device CLI, which have functionality to interact with the file system to gather information. Adversaries may also use Automated Collection on the local system.",directly_supported,"A relative path traversal in FortiWeb versions 6.4.1, 6.4.0, and 6.3.0 through 6.3.15 may allow an authenticated attacker to retrieve arbitrary files from the underlying filesystem via specially crafted web requests.",The CVE description explicitly describes collecting or reading data from a local system; the central behavior is stated rather than inferred.,high,False,CVE description and ATT&CK technique definition only,test,source_train,18.0,0.0555555555556
LSA-506AA3FC6F92,CVE_2018_11749,"When users are configured to use startTLS with RBAC LDAP, at login time, the user's credentials are sent via plaintext to the LDAP server. This affects Puppet Enterprise 2018.1.3, 2017.3.9, and 2016.4.14, and is fixed in Puppet Enterprise 2018.1.4, 2017.3.10, and 2016.4.15. It scored an 8.5 CVSS score.",T1040,Network Sniffing,"Adversaries may passively sniff network traffic to capture information about an environment, including authentication material passed over the network. Network sniffing refers to using the network interface on a system to monitor or capture information sent over a wired or wireless connection. An adversary may place a network interface into promiscuous mode to passively access data in transit over the network, or use span ports to capture a larger amount of data. Data captured via this technique may include user credentials, especially those sent over an insecure, unencrypted protocol. Techniques for name service resolution poisoning, such as LLMNR/NBT-NS Poisoning and SMB Relay, can also be used to capture credentials to websites, proxies, and internal systems by redirecting traffic to an adversary. Network sniffing may reveal configuration details, such as running services, version numbers, and other network characteristics (e.g. IP addresses, hostnames, VLAN IDs) necessary for subsequent Lateral Movement and/or Defense Evasion activities. Adversaries may likely also utilize network sniffing during Adversary-in-the-Middle (AiTM) to passively gain additional knowledge about the environment. In cloud-based environments, adversaries may still be able to use traffic mirroring services to sniff network traffic from virtual machines. For example, AWS Traffic Mirroring, GCP Packet Mirroring, and Azure vTap allow users to define specified instances to collect traffic from and specified targets to send collected traffic to. Often, much of this traffic will be in cleartext due to the use of TLS termination at the load balancer level to reduce the strain of encrypting and decrypting traffic. The adversary can then use exfiltration techniques such as Transfer Data to Cloud Account in order to access the sniffed traffic. On network devices, adversaries may perform network captures using Network Device CLI commands such as `monitor capture`.",inferential_or_plausible,"When users are configured to use startTLS with RBAC LDAP, at login time, the user's credentials are sent via plaintext to the LDAP server.","The vulnerability could enable capturing or sniffing network traffic, but the CVE text does not explicitly establish every element of the ATT&CK technique.",medium,False,CVE description and ATT&CK technique definition only,test,source_train,2.75,0.363636363636
LSA-53AFC0A817B6,CVE_2019_1715,"A vulnerability in the Deterministic Random Bit Generator (DRBG), also known as Pseudorandom Number Generator (PRNG), used in Cisco Adaptive Security Appliance (ASA) Software and Cisco Firepower Threat Defense (FTD) Software could allow an unauthenticated, remote attacker to cause a cryptographic collision, enabling the attacker to discover the private key of an affected device. The vulnerability is due to insufficient entropy in the DRBG when generating cryptographic keys. An attacker could exploit this vulnerability by generating a large number of cryptographic keys on an affected device and looking for collisions with target devices. A successful exploit could allow the attacker to impersonate an affected target device or to decrypt traffic secured by an affected key that is sent to or from an affected target device.",T1040,Network Sniffing,"Adversaries may passively sniff network traffic to capture information about an environment, including authentication material passed over the network. Network sniffing refers to using the network interface on a system to monitor or capture information sent over a wired or wireless connection. An adversary may place a network interface into promiscuous mode to passively access data in transit over the network, or use span ports to capture a larger amount of data. Data captured via this technique may include user credentials, especially those sent over an insecure, unencrypted protocol. Techniques for name service resolution poisoning, such as LLMNR/NBT-NS Poisoning and SMB Relay, can also be used to capture credentials to websites, proxies, and internal systems by redirecting traffic to an adversary. Network sniffing may reveal configuration details, such as running services, version numbers, and other network characteristics (e.g. IP addresses, hostnames, VLAN IDs) necessary for subsequent Lateral Movement and/or Defense Evasion activities. Adversaries may likely also utilize network sniffing during Adversary-in-the-Middle (AiTM) to passively gain additional knowledge about the environment. In cloud-based environments, adversaries may still be able to use traffic mirroring services to sniff network traffic from virtual machines. For example, AWS Traffic Mirroring, GCP Packet Mirroring, and Azure vTap allow users to define specified instances to collect traffic from and specified targets to send collected traffic to. Often, much of this traffic will be in cleartext due to the use of TLS termination at the load balancer level to reduce the strain of encrypting and decrypting traffic. The adversary can then use exfiltration techniques such as Transfer Data to Cloud Account in order to access the sniffed traffic. On network devices, adversaries may perform network captures using Network Device CLI commands such as `monitor capture`.",inferential_or_plausible,"A vulnerability in the Deterministic Random Bit Generator (DRBG), also known as Pseudorandom Number Generator (PRNG), used in Cisco Adaptive Security Appliance (ASA) Software and Cisco Firepower Threat Defense (FTD) Software could allow an unauthenticated, remote attacker to cause a cryptographic collision, enabling the attacker to discov","The vulnerability could enable capturing or sniffing network traffic, but the CVE text does not explicitly establish every element of the ATT&CK technique.",low,True,CVE description and ATT&CK technique definition only,test,source_train,2.75,0.363636363636
LSA-C01899E9B610,CVE_2020_14387,"A flaw was found in rsync in versions since 3.2.0pre1. Rsync improperly validates certificate with host mismatch vulnerability. A remote, unauthenticated attacker could exploit the flaw by performing a man-in-the-middle attack using a valid certificate for another hostname which could compromise confidentiality and integrity of data transmitted using rsync-ssl. The highest threat from this vulnerability is to data confidentiality and integrity. This flaw affects rsync versions before 3.2.4.",T1040,Network Sniffing,"Adversaries may passively sniff network traffic to capture information about an environment, including authentication material passed over the network. Network sniffing refers to using the network interface on a system to monitor or capture information sent over a wired or wireless connection. An adversary may place a network interface into promiscuous mode to passively access data in transit over the network, or use span ports to capture a larger amount of data. Data captured via this technique may include user credentials, especially those sent over an insecure, unencrypted protocol. Techniques for name service resolution poisoning, such as LLMNR/NBT-NS Poisoning and SMB Relay, can also be used to capture credentials to websites, proxies, and internal systems by redirecting traffic to an adversary. Network sniffing may reveal configuration details, such as running services, version numbers, and other network characteristics (e.g. IP addresses, hostnames, VLAN IDs) necessary for subsequent Lateral Movement and/or Defense Evasion activities. Adversaries may likely also utilize network sniffing during Adversary-in-the-Middle (AiTM) to passively gain additional knowledge about the environment. In cloud-based environments, adversaries may still be able to use traffic mirroring services to sniff network traffic from virtual machines. For example, AWS Traffic Mirroring, GCP Packet Mirroring, and Azure vTap allow users to define specified instances to collect traffic from and specified targets to send collected traffic to. Often, much of this traffic will be in cleartext due to the use of TLS termination at the load balancer level to reduce the strain of encrypting and decrypting traffic. The adversary can then use exfiltration techniques such as Transfer Data to Cloud Account in order to access the sniffed traffic. On network devices, adversaries may perform network captures using Network Device CLI commands such as `monitor capture`.",inferential_or_plausible,"A remote, unauthenticated attacker could exploit the flaw by performing a man-in-the-middle attack using a valid certificate for another hostname which could compromise confidentiality and integrity of data transmitted using rsync-ssl.","The vulnerability could enable capturing or sniffing network traffic, but the CVE text does not explicitly establish every element of the ATT&CK technique.",medium,False,CVE description and ATT&CK technique definition only,test,source_train,2.75,0.363636363636
LSA-D9E7933DF0FA,CVE_2020_15093,The tough library (Rust/crates.io) prior to version 0.7.1 does not properly verify the threshold of cryptographic signatures. It allows an attacker to duplicate a valid signature in order to circumvent TUF requiring a minimum threshold of unique signatures before the metadata is considered valid. A fix is available in version 0.7.1. CVE-2020-6174 is assigned to the same vulnerability in the TUF reference implementation.,T1040,Network Sniffing,"Adversaries may passively sniff network traffic to capture information about an environment, including authentication material passed over the network. Network sniffing refers to using the network interface on a system to monitor or capture information sent over a wired or wireless connection. An adversary may place a network interface into promiscuous mode to passively access data in transit over the network, or use span ports to capture a larger amount of data. Data captured via this technique may include user credentials, especially those sent over an insecure, unencrypted protocol. Techniques for name service resolution poisoning, such as LLMNR/NBT-NS Poisoning and SMB Relay, can also be used to capture credentials to websites, proxies, and internal systems by redirecting traffic to an adversary. Network sniffing may reveal configuration details, such as running services, version numbers, and other network characteristics (e.g. IP addresses, hostnames, VLAN IDs) necessary for subsequent Lateral Movement and/or Defense Evasion activities. Adversaries may likely also utilize network sniffing during Adversary-in-the-Middle (AiTM) to passively gain additional knowledge about the environment. In cloud-based environments, adversaries may still be able to use traffic mirroring services to sniff network traffic from virtual machines. For example, AWS Traffic Mirroring, GCP Packet Mirroring, and Azure vTap allow users to define specified instances to collect traffic from and specified targets to send collected traffic to. Often, much of this traffic will be in cleartext due to the use of TLS termination at the load balancer level to reduce the strain of encrypting and decrypting traffic. The adversary can then use exfiltration techniques such as Transfer Data to Cloud Account in order to access the sniffed traffic. On network devices, adversaries may perform network captures using Network Device CLI commands such as `monitor capture`.",unsupported,It allows an attacker to duplicate a valid signature in order to circumvent TUF requiring a minimum threshold of unique signatures before the metadata is considered valid.,The CVE description concerns a different behavior or consequence and does not describe capturing or sniffing network traffic.,high,False,CVE description and ATT&CK technique definition only,test,source_test,2.75,0.363636363636
LSA-967AA4665E20,CVE_2020_15590,"A vulnerability in the Private Internet Access (PIA) VPN Client for Linux 1.5 through 2.3+ allows remote attackers to bypass an intended VPN kill switch mechanism and read sensitive information via intercepting network traffic. Since 1.5, PIA has supported a “split tunnel” OpenVPN bypass option. The PIA killswitch & associated iptables firewall is designed to protect you while using the Internet. When the kill switch is configured to block all inbound and outbound network traffic, privileged applications can continue sending & receiving network traffic if net.ipv4.ip_forward has been enabled in the system kernel parameters. For example, a Docker container running on a host with the VPN turned off, and the kill switch turned on, can continue using the internet, leaking the host IP (CWE 200). In PIA 2.4.0+, policy-based routing is enabled by default and is used to direct all forwarded packets to the VPN interface automatically.",T1040,Network Sniffing,"Adversaries may passively sniff network traffic to capture information about an environment, including authentication material passed over the network. Network sniffing refers to using the network interface on a system to monitor or capture information sent over a wired or wireless connection. An adversary may place a network interface into promiscuous mode to passively access data in transit over the network, or use span ports to capture a larger amount of data. Data captured via this technique may include user credentials, especially those sent over an insecure, unencrypted protocol. Techniques for name service resolution poisoning, such as LLMNR/NBT-NS Poisoning and SMB Relay, can also be used to capture credentials to websites, proxies, and internal systems by redirecting traffic to an adversary. Network sniffing may reveal configuration details, such as running services, version numbers, and other network characteristics (e.g. IP addresses, hostnames, VLAN IDs) necessary for subsequent Lateral Movement and/or Defense Evasion activities. Adversaries may likely also utilize network sniffing during Adversary-in-the-Middle (AiTM) to passively gain additional knowledge about the environment. In cloud-based environments, adversaries may still be able to use traffic mirroring services to sniff network traffic from virtual machines. For example, AWS Traffic Mirroring, GCP Packet Mirroring, and Azure vTap allow users to define specified instances to collect traffic from and specified targets to send collected traffic to. Often, much of this traffic will be in cleartext due to the use of TLS termination at the load balancer level to reduce the strain of encrypting and decrypting traffic. The adversary can then use exfiltration techniques such as Transfer Data to Cloud Account in order to access the sniffed traffic. On network devices, adversaries may perform network captures using Network Device CLI commands such as `monitor capture`.",directly_supported,"When the kill switch is configured to block all inbound and outbound network traffic, privileged applications can continue sending & receiving network traffic if net.ipv4.ip_forward has been enabled in the system kernel parameters.",The CVE description explicitly describes capturing or sniffing network traffic; the central behavior is stated rather than inferred.,high,False,CVE description and ATT&CK technique definition only,test,source_train,2.75,0.363636363636
LSA-C13FD2A9EFC1,CVE_2020_5812,"Nessus AMI versions 8.12.0 and earlier were found to either not validate, or incorrectly validate, a certificate which could allow an attacker to spoof a trusted entity by using a man-in-the-middle (MITM) attack.",T1040,Network Sniffing,"Adversaries may passively sniff network traffic to capture information about an environment, including authentication material passed over the network. Network sniffing refers to using the network interface on a system to monitor or capture information sent over a wired or wireless connection. An adversary may place a network interface into promiscuous mode to passively access data in transit over the network, or use span ports to capture a larger amount of data. Data captured via this technique may include user credentials, especially those sent over an insecure, unencrypted protocol. Techniques for name service resolution poisoning, such as LLMNR/NBT-NS Poisoning and SMB Relay, can also be used to capture credentials to websites, proxies, and internal systems by redirecting traffic to an adversary. Network sniffing may reveal configuration details, such as running services, version numbers, and other network characteristics (e.g. IP addresses, hostnames, VLAN IDs) necessary for subsequent Lateral Movement and/or Defense Evasion activities. Adversaries may likely also utilize network sniffing during Adversary-in-the-Middle (AiTM) to passively gain additional knowledge about the environment. In cloud-based environments, adversaries may still be able to use traffic mirroring services to sniff network traffic from virtual machines. For example, AWS Traffic Mirroring, GCP Packet Mirroring, and Azure vTap allow users to define specified instances to collect traffic from and specified targets to send collected traffic to. Often, much of this traffic will be in cleartext due to the use of TLS termination at the load balancer level to reduce the strain of encrypting and decrypting traffic. The adversary can then use exfiltration techniques such as Transfer Data to Cloud Account in order to access the sniffed traffic. On network devices, adversaries may perform network captures using Network Device CLI commands such as `monitor capture`.",inferential_or_plausible,"Nessus AMI versions 8.12.0 and earlier were found to either not validate, or incorrectly validate, a certificate which could allow an attacker to spoof a trusted entity by using a man-in-the-middle (MITM) attack.","The vulnerability could enable capturing or sniffing network traffic, but the CVE text does not explicitly establish every element of the ATT&CK technique.",medium,False,CVE description and ATT&CK technique definition only,test,source_train,2.75,0.363636363636
LSA-9A55A69ABAB7,CVE_2020_8554,"Kubernetes API server in all versions allow an attacker who is able to create a ClusterIP service and set the spec.externalIPs field, to intercept traffic to that IP address. Additionally, an attacker who is able to patch the status (which is considered a privileged operation and should not typically be granted to users) of a LoadBalancer service can set the status.loadBalancer.ingress.ip to similar effect.",T1040,Network Sniffing,"Adversaries may passively sniff network traffic to capture information about an environment, including authentication material passed over the network. Network sniffing refers to using the network interface on a system to monitor or capture information sent over a wired or wireless connection. An adversary may place a network interface into promiscuous mode to passively access data in transit over the network, or use span ports to capture a larger amount of data. Data captured via this technique may include user credentials, especially those sent over an insecure, unencrypted protocol. Techniques for name service resolution poisoning, such as LLMNR/NBT-NS Poisoning and SMB Relay, can also be used to capture credentials to websites, proxies, and internal systems by redirecting traffic to an adversary. Network sniffing may reveal configuration details, such as running services, version numbers, and other network characteristics (e.g. IP addresses, hostnames, VLAN IDs) necessary for subsequent Lateral Movement and/or Defense Evasion activities. Adversaries may likely also utilize network sniffing during Adversary-in-the-Middle (AiTM) to passively gain additional knowledge about the environment. In cloud-based environments, adversaries may still be able to use traffic mirroring services to sniff network traffic from virtual machines. For example, AWS Traffic Mirroring, GCP Packet Mirroring, and Azure vTap allow users to define specified instances to collect traffic from and specified targets to send collected traffic to. Often, much of this traffic will be in cleartext due to the use of TLS termination at the load balancer level to reduce the strain of encrypting and decrypting traffic. The adversary can then use exfiltration techniques such as Transfer Data to Cloud Account in order to access the sniffed traffic. On network devices, adversaries may perform network captures using Network Device CLI commands such as `monitor capture`.",directly_supported,"Additionally, an attacker who is able to patch the status (which is considered a privileged operation and should not typically be granted to users) of a LoadBalancer service can set the status.loadBalancer.ingress.ip to similar effect.",The CVE description explicitly describes capturing or sniffing network traffic; the central behavior is stated rather than inferred.,high,False,CVE description and ATT&CK technique definition only,development,source_test,2.75,0.363636363636
LSA-0969E7A303C6,CVE_2021_22173,Memory leak in USB HID dissector in Wireshark 3.4.0 to 3.4.2 allows denial of service via packet injection or crafted capture file,T1040,Network Sniffing,"Adversaries may passively sniff network traffic to capture information about an environment, including authentication material passed over the network. Network sniffing refers to using the network interface on a system to monitor or capture information sent over a wired or wireless connection. An adversary may place a network interface into promiscuous mode to passively access data in transit over the network, or use span ports to capture a larger amount of data. Data captured via this technique may include user credentials, especially those sent over an insecure, unencrypted protocol. Techniques for name service resolution poisoning, such as LLMNR/NBT-NS Poisoning and SMB Relay, can also be used to capture credentials to websites, proxies, and internal systems by redirecting traffic to an adversary. Network sniffing may reveal configuration details, such as running services, version numbers, and other network characteristics (e.g. IP addresses, hostnames, VLAN IDs) necessary for subsequent Lateral Movement and/or Defense Evasion activities. Adversaries may likely also utilize network sniffing during Adversary-in-the-Middle (AiTM) to passively gain additional knowledge about the environment. In cloud-based environments, adversaries may still be able to use traffic mirroring services to sniff network traffic from virtual machines. For example, AWS Traffic Mirroring, GCP Packet Mirroring, and Azure vTap allow users to define specified instances to collect traffic from and specified targets to send collected traffic to. Often, much of this traffic will be in cleartext due to the use of TLS termination at the load balancer level to reduce the strain of encrypting and decrypting traffic. The adversary can then use exfiltration techniques such as Transfer Data to Cloud Account in order to access the sniffed traffic. On network devices, adversaries may perform network captures using Network Device CLI commands such as `monitor capture`.",unsupported,Memory leak in USB HID dissector in Wireshark 3.4.0 to 3.4.2 allows denial of service via packet injection or crafted capture file,The CVE description concerns a different behavior or consequence and does not describe capturing or sniffing network traffic.,high,False,CVE description and ATT&CK technique definition only,test,source_train,2.75,0.363636363636
LSA-E90EF411F8EF,CVE_2020_7199,"A security vulnerability has been identified in the HPE Edgeline Infrastructure Manager, also known as HPE Edgeline Infrastructure Management Software. The vulnerability could be remotely exploited to bypass remote authentication leading to execution of arbitrary commands, gaining privileged access, causing denial of service, and changing the configuration.",T1055,Process Injection,"Adversaries may inject code into processes in order to evade process-based defenses as well as possibly elevate privileges. Process injection is a method of executing arbitrary code in the address space of a separate live process. Running code in the context of another process may allow access to the process's memory, system/network resources, and possibly elevated privileges. Execution via process injection may also evade detection from security products since the execution is masked under a legitimate process. There are many different ways to inject code into a process, many of which abuse legitimate functionalities. These implementations exist for every major OS but are typically platform specific. More sophisticated samples may perform multiple process injections to segment modules and further evade detection, utilizing named pipes or other inter-process communication (IPC) mechanisms as a communication channel.",unsupported,"The vulnerability could be remotely exploited to bypass remote authentication leading to execution of arbitrary commands, gaining privileged access, causing denial of service, and changing the configuration.",The CVE description concerns a different behavior or consequence and does not describe injecting code into another process.,high,False,CVE description and ATT&CK technique definition only,test,source_train,6.5,0.153846153846
LSA-9625781309FE,CVE_2021_20446,IBM Maximo for Civil Infrastructure 7.6.2 is vulnerable to cross-site scripting. This vulnerability allows users to embed arbitrary JavaScript code in the Web UI thus altering the intended functionality potentially leading to credentials disclosure within a trusted session. IBM X-Force ID: 196622.,T1055,Process Injection,"Adversaries may inject code into processes in order to evade process-based defenses as well as possibly elevate privileges. Process injection is a method of executing arbitrary code in the address space of a separate live process. Running code in the context of another process may allow access to the process's memory, system/network resources, and possibly elevated privileges. Execution via process injection may also evade detection from security products since the execution is masked under a legitimate process. There are many different ways to inject code into a process, many of which abuse legitimate functionalities. These implementations exist for every major OS but are typically platform specific. More sophisticated samples may perform multiple process injections to segment modules and further evade detection, utilizing named pipes or other inter-process communication (IPC) mechanisms as a communication channel.",unsupported,This vulnerability allows users to embed arbitrary JavaScript code in the Web UI thus altering the intended functionality potentially leading to credentials disclosure within a trusted session.,The CVE description concerns a different behavior or consequence and does not describe injecting code into another process.,high,False,CVE description and ATT&CK technique definition only,test,source_train,6.5,0.153846153846
LSA-BD61B428DA91,CVE_2021_33841,"SGE-PLC1000 device, in its 0.9.2b firmware version, does not handle some requests correctly, allowing a remote attacker to inject code into the operating system with maximum privileges.",T1055,Process Injection,"Adversaries may inject code into processes in order to evade process-based defenses as well as possibly elevate privileges. Process injection is a method of executing arbitrary code in the address space of a separate live process. Running code in the context of another process may allow access to the process's memory, system/network resources, and possibly elevated privileges. Execution via process injection may also evade detection from security products since the execution is masked under a legitimate process. There are many different ways to inject code into a process, many of which abuse legitimate functionalities. These implementations exist for every major OS but are typically platform specific. More sophisticated samples may perform multiple process injections to segment modules and further evade detection, utilizing named pipes or other inter-process communication (IPC) mechanisms as a communication channel.",unsupported,"SGE-PLC1000 device, in its 0.9.2b firmware version, does not handle some requests correctly, allowing a remote attacker to inject code into the operating system with maximum privileges.",The CVE description concerns a different behavior or consequence and does not describe injecting code into another process.,high,False,CVE description and ATT&CK technique definition only,test,source_test,6.5,0.153846153846
LSA-81F7BA618401,CVE_2022_0129,Uncontrolled search path element vulnerability in McAfee TechCheck prior to 4.0.0.2 allows a local administrator to load their own Dynamic Link Library (DLL) gaining elevation of privileges to system user. This was achieved through placing the malicious DLL in the same directory that the process was run from.,T1055,Process Injection,"Adversaries may inject code into processes in order to evade process-based defenses as well as possibly elevate privileges. Process injection is a method of executing arbitrary code in the address space of a separate live process. Running code in the context of another process may allow access to the process's memory, system/network resources, and possibly elevated privileges. Execution via process injection may also evade detection from security products since the execution is masked under a legitimate process. There are many different ways to inject code into a process, many of which abuse legitimate functionalities. These implementations exist for every major OS but are typically platform specific. More sophisticated samples may perform multiple process injections to segment modules and further evade detection, utilizing named pipes or other inter-process communication (IPC) mechanisms as a communication channel.",unsupported,Uncontrolled search path element vulnerability in McAfee TechCheck prior to 4.0.0.2 allows a local administrator to load their own Dynamic Link Library (DLL) gaining elevation of privileges to system user.,The CVE description concerns a different behavior or consequence and does not describe injecting code into another process.,high,False,CVE description and ATT&CK technique definition only,test,source_train,6.5,0.153846153846
LSA-232630AB5FB0,CVE_2022_1212,Use-After-Free in str_escape in mruby/mruby in GitHub repository mruby/mruby prior to 3.2. Possible arbitrary code execution if being exploited.,T1055,Process Injection,"Adversaries may inject code into processes in order to evade process-based defenses as well as possibly elevate privileges. Process injection is a method of executing arbitrary code in the address space of a separate live process. Running code in the context of another process may allow access to the process's memory, system/network resources, and possibly elevated privileges. Execution via process injection may also evade detection from security products since the execution is masked under a legitimate process. There are many different ways to inject code into a process, many of which abuse legitimate functionalities. These implementations exist for every major OS but are typically platform specific. More sophisticated samples may perform multiple process injections to segment modules and further evade detection, utilizing named pipes or other inter-process communication (IPC) mechanisms as a communication channel.",unsupported,Use-After-Free in str_escape in mruby/mruby in GitHub repository mruby/mruby prior to 3.2.,The CVE description concerns a different behavior or consequence and does not describe injecting code into another process.,high,False,CVE description and ATT&CK technique definition only,test,source_train,6.5,0.153846153846
LSA-0E806C921FA0,CVE_2022_26251,The HTTP interface of Synaman v5.1 and below was discovered to allow authenticated attackers to execute arbitrary code and escalate privileges.,T1055,Process Injection,"Adversaries may inject code into processes in order to evade process-based defenses as well as possibly elevate privileges. Process injection is a method of executing arbitrary code in the address space of a separate live process. Running code in the context of another process may allow access to the process's memory, system/network resources, and possibly elevated privileges. Execution via process injection may also evade detection from security products since the execution is masked under a legitimate process. There are many different ways to inject code into a process, many of which abuse legitimate functionalities. These implementations exist for every major OS but are typically platform specific. More sophisticated samples may perform multiple process injections to segment modules and further evade detection, utilizing named pipes or other inter-process communication (IPC) mechanisms as a communication channel.",unsupported,The HTTP interface of Synaman v5.1 and below was discovered to allow authenticated attackers to execute arbitrary code and escalate privileges.,The CVE description concerns a different behavior or consequence and does not describe injecting code into another process.,high,False,CVE description and ATT&CK technique definition only,test,source_train,6.5,0.153846153846
LSA-372DC8F60C5D,CVE_2022_27383,"MariaDB Server v10.6 and below was discovered to contain an use-after-free in the component my_strcasecmp_8bit, which is exploited via specially crafted SQL statements.",T1055,Process Injection,"Adversaries may inject code into processes in order to evade process-based defenses as well as possibly elevate privileges. Process injection is a method of executing arbitrary code in the address space of a separate live process. Running code in the context of another process may allow access to the process's memory, system/network resources, and possibly elevated privileges. Execution via process injection may also evade detection from security products since the execution is masked under a legitimate process. There are many different ways to inject code into a process, many of which abuse legitimate functionalities. These implementations exist for every major OS but are typically platform specific. More sophisticated samples may perform multiple process injections to segment modules and further evade detection, utilizing named pipes or other inter-process communication (IPC) mechanisms as a communication channel.",unsupported,"MariaDB Server v10.6 and below was discovered to contain an use-after-free in the component my_strcasecmp_8bit, which is exploited via specially crafted SQL statements.",The CVE description concerns a different behavior or consequence and does not describe injecting code into another process.,high,False,CVE description and ATT&CK technique definition only,test,source_train,6.5,0.153846153846
LSA-ED1537CD38C2,CVE_2022_27387,"MariaDB Server v10.7 and below was discovered to contain a global buffer overflow in the component decimal_bin_size, which is exploited via specially crafted SQL statements.",T1055,Process Injection,"Adversaries may inject code into processes in order to evade process-based defenses as well as possibly elevate privileges. Process injection is a method of executing arbitrary code in the address space of a separate live process. Running code in the context of another process may allow access to the process's memory, system/network resources, and possibly elevated privileges. Execution via process injection may also evade detection from security products since the execution is masked under a legitimate process. There are many different ways to inject code into a process, many of which abuse legitimate functionalities. These implementations exist for every major OS but are typically platform specific. More sophisticated samples may perform multiple process injections to segment modules and further evade detection, utilizing named pipes or other inter-process communication (IPC) mechanisms as a communication channel.",unsupported,"MariaDB Server v10.7 and below was discovered to contain a global buffer overflow in the component decimal_bin_size, which is exploited via specially crafted SQL statements.",The CVE description concerns a different behavior or consequence and does not describe injecting code into another process.,high,False,CVE description and ATT&CK technique definition only,test,source_train,6.5,0.153846153846
LSA-B1238158B5F2,CVE_2012_6498,"Unrestricted file upload vulnerability in index.php in Atomymaxsite 2.5 and earlier allows remote attackers to execute arbitrary code by uploading a file with an executable extension, then accessing it via a direct request to the file, as exploited in the wild in October 2012.",T1059,Command and Scripting Interpreter,"Adversaries may abuse command and script interpreters to execute commands, scripts, or binaries. These interfaces and languages provide ways of interacting with computer systems and are a common feature across many different platforms. Most systems come with some built-in command-line interface and scripting capabilities, for example, macOS and Linux distributions include some flavor of Unix Shell while Windows installations include the Windows Command Shell and PowerShell. There are also cross-platform interpreters such as Python, as well as those commonly associated with client applications such as JavaScript and Visual Basic. Adversaries may abuse these technologies in various ways as a means of executing arbitrary commands. Commands and scripts can be embedded in Initial Access payloads delivered to victims as lure documents or as secondary payloads downloaded from an existing C2. Adversaries may also execute commands through interactive terminals/shells, as well as utilize various Remote Services in order to achieve remote Execution.",inferential_or_plausible,"Unrestricted file upload vulnerability in index.php in Atomymaxsite 2.5 and earlier allows remote attackers to execute arbitrary code by uploading a file with an executable extension, then accessing it via a direct request to the file, as exploited in the wild in October 2012.","The vulnerability could enable executing commands through a shell or interpreter, but the CVE text does not explicitly establish every element of the ATT&CK technique.",medium,False,CVE description and ATT&CK technique definition only,test,source_train,38.25,0.0261437908497
LSA-753672C6F306,CVE_2018_8607,"A cross site scripting vulnerability exists when Microsoft Dynamics 365 (on-premises) version 8 does not properly sanitize a specially crafted web request to an affected Dynamics server, aka ""Microsoft Dynamics 365 (on-premises) version 8 Cross Site Scripting Vulnerability."" This affects Microsoft Dynamics 365. This CVE ID is unique from CVE-2018-8605, CVE-2018-8606, CVE-2018-8608.",T1059,Command and Scripting Interpreter,"Adversaries may abuse command and script interpreters to execute commands, scripts, or binaries. These interfaces and languages provide ways of interacting with computer systems and are a common feature across many different platforms. Most systems come with some built-in command-line interface and scripting capabilities, for example, macOS and Linux distributions include some flavor of Unix Shell while Windows installations include the Windows Command Shell and PowerShell. There are also cross-platform interpreters such as Python, as well as those commonly associated with client applications such as JavaScript and Visual Basic. Adversaries may abuse these technologies in various ways as a means of executing arbitrary commands. Commands and scripts can be embedded in Initial Access payloads delivered to victims as lure documents or as secondary payloads downloaded from an existing C2. Adversaries may also execute commands through interactive terminals/shells, as well as utilize various Remote Services in order to achieve remote Execution.",unsupported,"A cross site scripting vulnerability exists when Microsoft Dynamics 365 (on-premises) version 8 does not properly sanitize a specially crafted web request to an affected Dynamics server, aka ""Microsoft Dynamics 365 (on-premises) version 8 Cross Site Scripting Vulnerability."" This affects Microsoft Dynamics 365.",The CVE description concerns a different behavior or consequence and does not describe executing commands through a shell or interpreter.,high,False,CVE description and ATT&CK technique definition only,test,source_train,38.25,0.0261437908497
LSA-A54D7B9E4743,CVE_2020_11651,An issue was discovered in SaltStack Salt before 2019.2.4 and 3000 before 3000.2. The salt-master process ClearFuncs class does not properly validate method calls. This allows a remote user to access some methods without authentication. These methods can be used to retrieve user tokens from the salt master and/or run arbitrary commands on salt minions.,T1059,Command and Scripting Interpreter,"Adversaries may abuse command and script interpreters to execute commands, scripts, or binaries. These interfaces and languages provide ways of interacting with computer systems and are a common feature across many different platforms. Most systems come with some built-in command-line interface and scripting capabilities, for example, macOS and Linux distributions include some flavor of Unix Shell while Windows installations include the Windows Command Shell and PowerShell. There are also cross-platform interpreters such as Python, as well as those commonly associated with client applications such as JavaScript and Visual Basic. Adversaries may abuse these technologies in various ways as a means of executing arbitrary commands. Commands and scripts can be embedded in Initial Access payloads delivered to victims as lure documents or as secondary payloads downloaded from an existing C2. Adversaries may also execute commands through interactive terminals/shells, as well as utilize various Remote Services in order to achieve remote Execution.",directly_supported,These methods can be used to retrieve user tokens from the salt master and/or run arbitrary commands on salt minions.,The CVE description explicitly describes executing commands through a shell or interpreter; the central behavior is stated rather than inferred.,high,False,CVE description and ATT&CK technique definition only,test,source_train,38.25,0.0261437908497
LSA-0483BE26923E,CVE_2021_33357,"A vulnerability exists in RaspAP 2.6 to 2.6.5 in the ""iface"" GET parameter in /ajax/networking/get_netcfg.php, when the ""iface"" parameter value contains special characters such as "";"" which enables an unauthenticated attacker to execute arbitrary OS commands.",T1059,Command and Scripting Interpreter,"Adversaries may abuse command and script interpreters to execute commands, scripts, or binaries. These interfaces and languages provide ways of interacting with computer systems and are a common feature across many different platforms. Most systems come with some built-in command-line interface and scripting capabilities, for example, macOS and Linux distributions include some flavor of Unix Shell while Windows installations include the Windows Command Shell and PowerShell. There are also cross-platform interpreters such as Python, as well as those commonly associated with client applications such as JavaScript and Visual Basic. Adversaries may abuse these technologies in various ways as a means of executing arbitrary commands. Commands and scripts can be embedded in Initial Access payloads delivered to victims as lure documents or as secondary payloads downloaded from an existing C2. Adversaries may also execute commands through interactive terminals/shells, as well as utilize various Remote Services in order to achieve remote Execution.",directly_supported,"A vulnerability exists in RaspAP 2.6 to 2.6.5 in the ""iface"" GET parameter in /ajax/networking/get_netcfg.php, when the ""iface"" parameter value contains special characters such as "";"" which enables an unauthenticated attacker to execute arbitrary OS commands.",The CVE description explicitly describes executing commands through a shell or interpreter; the central behavior is stated rather than inferred.,high,False,CVE description and ATT&CK technique definition only,test,source_test,38.25,0.0261437908497
LSA-655EA0A10F71,CVE_2021_33898,"In Invoice Ninja before 4.4.0, there is an unsafe call to unserialize() in app/Ninja/Repositories/AccountRepository.php that may allow an attacker to deserialize arbitrary PHP classes. In certain contexts, this can result in remote code execution. The attacker's input must be hosted at http://www.geoplugin.net (cleartext HTTP), and thus a successful attack requires spoofing that site or obtaining control of it.",T1059,Command and Scripting Interpreter,"Adversaries may abuse command and script interpreters to execute commands, scripts, or binaries. These interfaces and languages provide ways of interacting with computer systems and are a common feature across many different platforms. Most systems come with some built-in command-line interface and scripting capabilities, for example, macOS and Linux distributions include some flavor of Unix Shell while Windows installations include the Windows Command Shell and PowerShell. There are also cross-platform interpreters such as Python, as well as those commonly associated with client applications such as JavaScript and Visual Basic. Adversaries may abuse these technologies in various ways as a means of executing arbitrary commands. Commands and scripts can be embedded in Initial Access payloads delivered to victims as lure documents or as secondary payloads downloaded from an existing C2. Adversaries may also execute commands through interactive terminals/shells, as well as utilize various Remote Services in order to achieve remote Execution.",inferential_or_plausible,"In Invoice Ninja before 4.4.0, there is an unsafe call to unserialize() in app/Ninja/Repositories/AccountRepository.php that may allow an attacker to deserialize arbitrary PHP classes.","The vulnerability could enable executing commands through a shell or interpreter, but the CVE text does not explicitly establish every element of the ATT&CK technique.",medium,False,CVE description and ATT&CK technique definition only,test,source_test,38.25,0.0261437908497
LSA-D22F1515BB26,CVE_2021_33964,"China Mobile An Lianbao WF-1 V1.0.1 router provides a web interface /api/ZRRuleFilter/set_firewall_level which receives parameters by POST request, and the parameter firewall_level has a command injection vulnerability. An attacker can use the vulnerability to execute remote commands.",T1059,Command and Scripting Interpreter,"Adversaries may abuse command and script interpreters to execute commands, scripts, or binaries. These interfaces and languages provide ways of interacting with computer systems and are a common feature across many different platforms. Most systems come with some built-in command-line interface and scripting capabilities, for example, macOS and Linux distributions include some flavor of Unix Shell while Windows installations include the Windows Command Shell and PowerShell. There are also cross-platform interpreters such as Python, as well as those commonly associated with client applications such as JavaScript and Visual Basic. Adversaries may abuse these technologies in various ways as a means of executing arbitrary commands. Commands and scripts can be embedded in Initial Access payloads delivered to victims as lure documents or as secondary payloads downloaded from an existing C2. Adversaries may also execute commands through interactive terminals/shells, as well as utilize various Remote Services in order to achieve remote Execution.",directly_supported,"China Mobile An Lianbao WF-1 V1.0.1 router provides a web interface /api/ZRRuleFilter/set_firewall_level which receives parameters by POST request, and the parameter firewall_level has a command injection vulnerability.",The CVE description explicitly describes executing commands through a shell or interpreter; the central behavior is stated rather than inferred.,high,False,CVE description and ATT&CK technique definition only,test,source_test,38.25,0.0261437908497
LSA-81E7371622F4,CVE_2021_34380,"Bootloader contains a vulnerability in NVIDIA MB2 where potential heap overflow might cause corruption of the heap metadata, which might lead to arbitrary code execution, denial of service, and information disclosure during secure boot.",T1059,Command and Scripting Interpreter,"Adversaries may abuse command and script interpreters to execute commands, scripts, or binaries. These interfaces and languages provide ways of interacting with computer systems and are a common feature across many different platforms. Most systems come with some built-in command-line interface and scripting capabilities, for example, macOS and Linux distributions include some flavor of Unix Shell while Windows installations include the Windows Command Shell and PowerShell. There are also cross-platform interpreters such as Python, as well as those commonly associated with client applications such as JavaScript and Visual Basic. Adversaries may abuse these technologies in various ways as a means of executing arbitrary commands. Commands and scripts can be embedded in Initial Access payloads delivered to victims as lure documents or as secondary payloads downloaded from an existing C2. Adversaries may also execute commands through interactive terminals/shells, as well as utilize various Remote Services in order to achieve remote Execution.",unsupported,"Bootloader contains a vulnerability in NVIDIA MB2 where potential heap overflow might cause corruption of the heap metadata, which might lead to arbitrary code execution, denial of service, and information disclosure during secure boot.",The CVE description concerns a different behavior or consequence and does not describe executing commands through a shell or interpreter.,high,False,CVE description and ATT&CK technique definition only,test,source_test,38.25,0.0261437908497
LSA-93FBFC70C525,CVE_2021_44321,"Mini-Inventory-and-Sales-Management-System is affected by Cross Site Request Forgery (CSRF), where an attacker can update/delete items in the inventory. The attacker must be logged into the application create a malicious file for updating the inventory details and items.",T1059,Command and Scripting Interpreter,"Adversaries may abuse command and script interpreters to execute commands, scripts, or binaries. These interfaces and languages provide ways of interacting with computer systems and are a common feature across many different platforms. Most systems come with some built-in command-line interface and scripting capabilities, for example, macOS and Linux distributions include some flavor of Unix Shell while Windows installations include the Windows Command Shell and PowerShell. There are also cross-platform interpreters such as Python, as well as those commonly associated with client applications such as JavaScript and Visual Basic. Adversaries may abuse these technologies in various ways as a means of executing arbitrary commands. Commands and scripts can be embedded in Initial Access payloads delivered to victims as lure documents or as secondary payloads downloaded from an existing C2. Adversaries may also execute commands through interactive terminals/shells, as well as utilize various Remote Services in order to achieve remote Execution.",unsupported,"Mini-Inventory-and-Sales-Management-System is affected by Cross Site Request Forgery (CSRF), where an attacker can update/delete items in the inventory.",The CVE description concerns a different behavior or consequence and does not describe executing commands through a shell or interpreter.,high,False,CVE description and ATT&CK technique definition only,test,source_train,38.25,0.0261437908497
LSA-F6AB8A7EBC2B,CVE_2015_1769,"Mount Manager in Microsoft Windows Vista SP2, Windows Server 2008 SP2 and R2 SP1, Windows 7 SP1, Windows 8, Windows 8.1, Windows Server 2012 Gold and R2, Windows RT Gold and 8.1, and Windows 10 mishandles symlinks, which allows physically proximate attackers to execute arbitrary code by connecting a crafted USB device, aka ""Mount Manager Elevation of Privilege Vulnerability.""",T1068,Exploitation for Privilege Escalation,"Adversaries may exploit software vulnerabilities in an attempt to elevate privileges. Exploitation of a software vulnerability occurs when an adversary takes advantage of a programming error in a program, service, or within the operating system software or kernel itself to execute adversary-controlled code. Security constructs such as permission levels will often hinder access to information and use of certain techniques, so adversaries will likely need to perform privilege escalation to include use of software exploitation to circumvent those restrictions. When initially gaining access to a system, an adversary may be operating within a lower privileged process which will prevent them from accessing certain resources on the system. Vulnerabilities may exist, usually in operating system components and software commonly running at higher permissions, that can be exploited to gain higher levels of access on the system. This could enable someone to move from unprivileged or user level permissions to SYSTEM or root permissions depending on the component that is vulnerable. This could also enable an adversary to move from a virtualized environment, such as within a virtual machine or container, onto the underlying host. This may be a necessary step for an adversary compromising an endpoint system that has been properly configured and limits other privilege escalation methods. Adversaries may bring a signed vulnerable driver onto a compromised machine so that they can exploit the vulnerability to execute code in kernel mode. This process is sometimes referred to as Bring Your Own Vulnerable Driver (BYOVD). Adversaries may include the vulnerable driver with files delivered during Initial Access or download it to a compromised system via Ingress Tool Transfer or Lateral Tool Transfer.",directly_supported,"Mount Manager in Microsoft Windows Vista SP2, Windows Server 2008 SP2 and R2 SP1, Windows 7 SP1, Windows 8, Windows 8.1, Windows Server 2012 Gold and R2, Windows RT Gold and 8.1, and Windows 10 mishandles symlinks, which allows physically proximate attackers to execute arbitrary code by connecting a crafted USB device, aka ""Mount Manager ",The CVE description explicitly describes exploiting a vulnerability to gain higher privileges; the central behavior is stated rather than inferred.,high,False,CVE description and ATT&CK technique definition only,test,source_train,31.375,0.0318725099602
LSA-0238CB8819E1,CVE_2018_19831,"The ToOwner() function of a smart contract implementation for Cryptbond Network (CBN), an tradable Ethereum ERC20 token, allows attackers to change the owner of the contract, because the function does not check the caller's identity.",T1068,Exploitation for Privilege Escalation,"Adversaries may exploit software vulnerabilities in an attempt to elevate privileges. Exploitation of a software vulnerability occurs when an adversary takes advantage of a programming error in a program, service, or within the operating system software or kernel itself to execute adversary-controlled code. Security constructs such as permission levels will often hinder access to information and use of certain techniques, so adversaries will likely need to perform privilege escalation to include use of software exploitation to circumvent those restrictions. When initially gaining access to a system, an adversary may be operating within a lower privileged process which will prevent them from accessing certain resources on the system. Vulnerabilities may exist, usually in operating system components and software commonly running at higher permissions, that can be exploited to gain higher levels of access on the system. This could enable someone to move from unprivileged or user level permissions to SYSTEM or root permissions depending on the component that is vulnerable. This could also enable an adversary to move from a virtualized environment, such as within a virtual machine or container, onto the underlying host. This may be a necessary step for an adversary compromising an endpoint system that has been properly configured and limits other privilege escalation methods. Adversaries may bring a signed vulnerable driver onto a compromised machine so that they can exploit the vulnerability to execute code in kernel mode. This process is sometimes referred to as Bring Your Own Vulnerable Driver (BYOVD). Adversaries may include the vulnerable driver with files delivered during Initial Access or download it to a compromised system via Ingress Tool Transfer or Lateral Tool Transfer.",inferential_or_plausible,"The ToOwner() function of a smart contract implementation for Cryptbond Network (CBN), an tradable Ethereum ERC20 token, allows attackers to change the owner of the contract, because the function does not check the caller's identity.","The vulnerability could enable exploiting a vulnerability to gain higher privileges, but the CVE text does not explicitly establish every element of the ATT&CK technique.",medium,False,CVE description and ATT&CK technique definition only,test,source_train,31.375,0.0318725099602
LSA-9D36D948F013,CVE_2019_1790,"A vulnerability in the CLI of Cisco NX-OS Software could allow an authenticated, local attacker with valid administrator credentials to execute arbitrary commands on the underlying operating system of an affected device. The vulnerability is due to insufficient validation of arguments passed to certain CLI commands. An attacker could exploit this vulnerability by including malicious input as the argument of an affected command. A successful exploit could allow the attacker to execute arbitrary commands on the underlying operating system with elevated privileges. An attacker would need valid administrator credentials to exploit this vulnerability.",T1068,Exploitation for Privilege Escalation,"Adversaries may exploit software vulnerabilities in an attempt to elevate privileges. Exploitation of a software vulnerability occurs when an adversary takes advantage of a programming error in a program, service, or within the operating system software or kernel itself to execute adversary-controlled code. Security constructs such as permission levels will often hinder access to information and use of certain techniques, so adversaries will likely need to perform privilege escalation to include use of software exploitation to circumvent those restrictions. When initially gaining access to a system, an adversary may be operating within a lower privileged process which will prevent them from accessing certain resources on the system. Vulnerabilities may exist, usually in operating system components and software commonly running at higher permissions, that can be exploited to gain higher levels of access on the system. This could enable someone to move from unprivileged or user level permissions to SYSTEM or root permissions depending on the component that is vulnerable. This could also enable an adversary to move from a virtualized environment, such as within a virtual machine or container, onto the underlying host. This may be a necessary step for an adversary compromising an endpoint system that has been properly configured and limits other privilege escalation methods. Adversaries may bring a signed vulnerable driver onto a compromised machine so that they can exploit the vulnerability to execute code in kernel mode. This process is sometimes referred to as Bring Your Own Vulnerable Driver (BYOVD). Adversaries may include the vulnerable driver with files delivered during Initial Access or download it to a compromised system via Ingress Tool Transfer or Lateral Tool Transfer.",directly_supported,"A vulnerability in the CLI of Cisco NX-OS Software could allow an authenticated, local attacker with valid administrator credentials to execute arbitrary commands on the underlying operating system of an affected device.",The CVE description explicitly describes exploiting a vulnerability to gain higher privileges; the central behavior is stated rather than inferred.,high,False,CVE description and ATT&CK technique definition only,test,source_train,31.375,0.0318725099602
LSA-F765CFD13950,CVE_2020_15182,The SOY Inquiry component of SOY CMS is affected by Cross-site Request Forgery (CSRF) and Remote Code Execution (RCE). The vulnerability affects versions 2.0.0.3 and earlier of SOY Inquiry. This allows remote attackers to force the administrator to edit files once the administrator loads a specially crafted webpage. An administrator must be logged in for exploitation to be possible. This issue is fixed in SOY Inquiry version 2.0.0.4 and included in SOY CMS 3.0.2.328.,T1068,Exploitation for Privilege Escalation,"Adversaries may exploit software vulnerabilities in an attempt to elevate privileges. Exploitation of a software vulnerability occurs when an adversary takes advantage of a programming error in a program, service, or within the operating system software or kernel itself to execute adversary-controlled code. Security constructs such as permission levels will often hinder access to information and use of certain techniques, so adversaries will likely need to perform privilege escalation to include use of software exploitation to circumvent those restrictions. When initially gaining access to a system, an adversary may be operating within a lower privileged process which will prevent them from accessing certain resources on the system. Vulnerabilities may exist, usually in operating system components and software commonly running at higher permissions, that can be exploited to gain higher levels of access on the system. This could enable someone to move from unprivileged or user level permissions to SYSTEM or root permissions depending on the component that is vulnerable. This could also enable an adversary to move from a virtualized environment, such as within a virtual machine or container, onto the underlying host. This may be a necessary step for an adversary compromising an endpoint system that has been properly configured and limits other privilege escalation methods. Adversaries may bring a signed vulnerable driver onto a compromised machine so that they can exploit the vulnerability to execute code in kernel mode. This process is sometimes referred to as Bring Your Own Vulnerable Driver (BYOVD). Adversaries may include the vulnerable driver with files delivered during Initial Access or download it to a compromised system via Ingress Tool Transfer or Lateral Tool Transfer.",unsupported,This allows remote attackers to force the administrator to edit files once the administrator loads a specially crafted webpage.,The CVE description concerns a different behavior or consequence and does not describe exploiting a vulnerability to gain higher privileges.,high,False,CVE description and ATT&CK technique definition only,test,source_train,31.375,0.0318725099602
LSA-8E058C4D69E3,CVE_2020_15490,"An issue was discovered on Wavlink WL-WN530HG4 M30HG4.V5030.191116 devices. Multiple buffer overflow vulnerabilities exist in CGI scripts, leading to remote code execution with root privileges. (The set of affected scripts is similar to CVE-2020-12266.)",T1068,Exploitation for Privilege Escalation,"Adversaries may exploit software vulnerabilities in an attempt to elevate privileges. Exploitation of a software vulnerability occurs when an adversary takes advantage of a programming error in a program, service, or within the operating system software or kernel itself to execute adversary-controlled code. Security constructs such as permission levels will often hinder access to information and use of certain techniques, so adversaries will likely need to perform privilege escalation to include use of software exploitation to circumvent those restrictions. When initially gaining access to a system, an adversary may be operating within a lower privileged process which will prevent them from accessing certain resources on the system. Vulnerabilities may exist, usually in operating system components and software commonly running at higher permissions, that can be exploited to gain higher levels of access on the system. This could enable someone to move from unprivileged or user level permissions to SYSTEM or root permissions depending on the component that is vulnerable. This could also enable an adversary to move from a virtualized environment, such as within a virtual machine or container, onto the underlying host. This may be a necessary step for an adversary compromising an endpoint system that has been properly configured and limits other privilege escalation methods. Adversaries may bring a signed vulnerable driver onto a compromised machine so that they can exploit the vulnerability to execute code in kernel mode. This process is sometimes referred to as Bring Your Own Vulnerable Driver (BYOVD). Adversaries may include the vulnerable driver with files delivered during Initial Access or download it to a compromised system via Ingress Tool Transfer or Lateral Tool Transfer.",directly_supported,"Multiple buffer overflow vulnerabilities exist in CGI scripts, leading to remote code execution with root privileges.",The CVE description explicitly describes exploiting a vulnerability to gain higher privileges; the central behavior is stated rather than inferred.,high,False,CVE description and ATT&CK technique definition only,test,source_test,31.375,0.0318725099602
LSA-5E23B70BA7DE,CVE_2020_1992,A format string vulnerability in the Varrcvr daemon of PAN-OS on PA-7000 Series devices with a Log Forwarding Card (LFC) allows remote attackers to crash the daemon creating a denial of service condition or potentially execute code with root privileges. This issue affects Palo Alto Networks PAN-OS 9.0 versions before 9.0.7; PAN-OS 9.1 versions before 9.1.2 on PA-7000 Series devices with an LFC installed and configured. This issue requires WildFire services to be configured and enabled. This issue does not affect PAN-OS 8.1 and earlier releases. This issue does not affect any other PA Series firewalls.,T1068,Exploitation for Privilege Escalation,"Adversaries may exploit software vulnerabilities in an attempt to elevate privileges. Exploitation of a software vulnerability occurs when an adversary takes advantage of a programming error in a program, service, or within the operating system software or kernel itself to execute adversary-controlled code. Security constructs such as permission levels will often hinder access to information and use of certain techniques, so adversaries will likely need to perform privilege escalation to include use of software exploitation to circumvent those restrictions. When initially gaining access to a system, an adversary may be operating within a lower privileged process which will prevent them from accessing certain resources on the system. Vulnerabilities may exist, usually in operating system components and software commonly running at higher permissions, that can be exploited to gain higher levels of access on the system. This could enable someone to move from unprivileged or user level permissions to SYSTEM or root permissions depending on the component that is vulnerable. This could also enable an adversary to move from a virtualized environment, such as within a virtual machine or container, onto the underlying host. This may be a necessary step for an adversary compromising an endpoint system that has been properly configured and limits other privilege escalation methods. Adversaries may bring a signed vulnerable driver onto a compromised machine so that they can exploit the vulnerability to execute code in kernel mode. This process is sometimes referred to as Bring Your Own Vulnerable Driver (BYOVD). Adversaries may include the vulnerable driver with files delivered during Initial Access or download it to a compromised system via Ingress Tool Transfer or Lateral Tool Transfer.",directly_supported,A format string vulnerability in the Varrcvr daemon of PAN-OS on PA-7000 Series devices with a Log Forwarding Card (LFC) allows remote attackers to crash the daemon creating a denial of service condition or potentially execute code with root privileges.,The CVE description explicitly describes exploiting a vulnerability to gain higher privileges; the central behavior is stated rather than inferred.,high,False,CVE description and ATT&CK technique definition only,test,source_train,31.375,0.0318725099602
LSA-D6E2C22D0112,CVE_2020_5371,"Dell EMC Isilon OneFS versions 8.2.2 and earlier and Dell EMC PowerScale version 9.0.0 contain a file permissions vulnerability. An attacker, with network or local file access, could take advantage of insufficiently applied file permissions or gain unauthorized access to files.",T1068,Exploitation for Privilege Escalation,"Adversaries may exploit software vulnerabilities in an attempt to elevate privileges. Exploitation of a software vulnerability occurs when an adversary takes advantage of a programming error in a program, service, or within the operating system software or kernel itself to execute adversary-controlled code. Security constructs such as permission levels will often hinder access to information and use of certain techniques, so adversaries will likely need to perform privilege escalation to include use of software exploitation to circumvent those restrictions. When initially gaining access to a system, an adversary may be operating within a lower privileged process which will prevent them from accessing certain resources on the system. Vulnerabilities may exist, usually in operating system components and software commonly running at higher permissions, that can be exploited to gain higher levels of access on the system. This could enable someone to move from unprivileged or user level permissions to SYSTEM or root permissions depending on the component that is vulnerable. This could also enable an adversary to move from a virtualized environment, such as within a virtual machine or container, onto the underlying host. This may be a necessary step for an adversary compromising an endpoint system that has been properly configured and limits other privilege escalation methods. Adversaries may bring a signed vulnerable driver onto a compromised machine so that they can exploit the vulnerability to execute code in kernel mode. This process is sometimes referred to as Bring Your Own Vulnerable Driver (BYOVD). Adversaries may include the vulnerable driver with files delivered during Initial Access or download it to a compromised system via Ingress Tool Transfer or Lateral Tool Transfer.",unsupported,"An attacker, with network or local file access, could take advantage of insufficiently applied file permissions or gain unauthorized access to files.",The CVE description concerns a different behavior or consequence and does not describe exploiting a vulnerability to gain higher privileges.,high,False,CVE description and ATT&CK technique definition only,test,source_train,31.375,0.0318725099602
LSA-B65D69504622,CVE_2021_21027,"Magento versions 2.4.1 (and earlier), 2.4.0-p1 (and earlier) and 2.3.6 (and earlier) are affected by a cross-site request forgery (CSRF) vulnerability via the GraphQL API. Successful exploitation could lead to unauthorized modification of customer metadata by an unauthenticated attacker. Access to the admin console is not required for successful exploitation.",T1068,Exploitation for Privilege Escalation,"Adversaries may exploit software vulnerabilities in an attempt to elevate privileges. Exploitation of a software vulnerability occurs when an adversary takes advantage of a programming error in a program, service, or within the operating system software or kernel itself to execute adversary-controlled code. Security constructs such as permission levels will often hinder access to information and use of certain techniques, so adversaries will likely need to perform privilege escalation to include use of software exploitation to circumvent those restrictions. When initially gaining access to a system, an adversary may be operating within a lower privileged process which will prevent them from accessing certain resources on the system. Vulnerabilities may exist, usually in operating system components and software commonly running at higher permissions, that can be exploited to gain higher levels of access on the system. This could enable someone to move from unprivileged or user level permissions to SYSTEM or root permissions depending on the component that is vulnerable. This could also enable an adversary to move from a virtualized environment, such as within a virtual machine or container, onto the underlying host. This may be a necessary step for an adversary compromising an endpoint system that has been properly configured and limits other privilege escalation methods. Adversaries may bring a signed vulnerable driver onto a compromised machine so that they can exploit the vulnerability to execute code in kernel mode. This process is sometimes referred to as Bring Your Own Vulnerable Driver (BYOVD). Adversaries may include the vulnerable driver with files delivered during Initial Access or download it to a compromised system via Ingress Tool Transfer or Lateral Tool Transfer.",unsupported,"Magento versions 2.4.1 (and earlier), 2.4.0-p1 (and earlier) and 2.3.6 (and earlier) are affected by a cross-site request forgery (CSRF) vulnerability via the GraphQL API.",The CVE description concerns a different behavior or consequence and does not describe exploiting a vulnerability to gain higher privileges.,high,False,CVE description and ATT&CK technique definition only,test,source_test,31.375,0.0318725099602
LSA-8F4495C24A8B,CVE_2018_15771,Dell EMC RecoverPoint versions prior to 5.1.2.1 and RecoverPoint for VMs versions prior to 5.2.0.2 contain an information disclosure vulnerability. A malicious boxmgmt user may potentially be able to determine the existence of any system file via Boxmgmt CLI.,T1078,Valid Accounts,"Adversaries may obtain and abuse credentials of existing accounts as a means of gaining Initial Access, Persistence, Privilege Escalation, or Defense Evasion. Compromised credentials may be used to bypass access controls placed on various resources on systems within the network and may even be used for persistent access to remote systems and externally available services, such as VPNs, Outlook Web Access, network devices, and remote desktop. Compromised credentials may also grant an adversary increased privilege to specific systems or access to restricted areas of the network. Adversaries may choose not to use malware or tools in conjunction with the legitimate access those credentials provide to make it harder to detect their presence. In some cases, adversaries may abuse inactive accounts: for example, those belonging to individuals who are no longer part of an organization. Using these accounts may allow the adversary to evade detection, as the original account user will not be present to identify any anomalous activity taking place on their account. The overlap of permissions for local, domain, and cloud accounts across a network of systems is of concern because the adversary may be able to pivot across accounts and systems to reach a high level of access (i.e., domain or enterprise administrator) to bypass access controls set within the enterprise.",unsupported,Dell EMC RecoverPoint versions prior to 5.1.2.1 and RecoverPoint for VMs versions prior to 5.2.0.2 contain an information disclosure vulnerability.,The CVE description concerns a different behavior or consequence and does not describe using valid or default credentials.,high,False,CVE description and ATT&CK technique definition only,test,source_train,20.625,0.0484848484848
LSA-E0593B1FEC7D,CVE_2018_15800,"Cloud Foundry Bits Service, versions prior to 2.18.0, includes an information disclosure vulnerability. A remote malicious user may execute a timing attack to brute-force the signing key, allowing them complete read and write access to the the Bits Service storage.",T1078,Valid Accounts,"Adversaries may obtain and abuse credentials of existing accounts as a means of gaining Initial Access, Persistence, Privilege Escalation, or Defense Evasion. Compromised credentials may be used to bypass access controls placed on various resources on systems within the network and may even be used for persistent access to remote systems and externally available services, such as VPNs, Outlook Web Access, network devices, and remote desktop. Compromised credentials may also grant an adversary increased privilege to specific systems or access to restricted areas of the network. Adversaries may choose not to use malware or tools in conjunction with the legitimate access those credentials provide to make it harder to detect their presence. In some cases, adversaries may abuse inactive accounts: for example, those belonging to individuals who are no longer part of an organization. Using these accounts may allow the adversary to evade detection, as the original account user will not be present to identify any anomalous activity taking place on their account. The overlap of permissions for local, domain, and cloud accounts across a network of systems is of concern because the adversary may be able to pivot across accounts and systems to reach a high level of access (i.e., domain or enterprise administrator) to bypass access controls set within the enterprise.",unsupported,"A remote malicious user may execute a timing attack to brute-force the signing key, allowing them complete read and write access to the the Bits Service storage.",The CVE description concerns a different behavior or consequence and does not describe using valid or default credentials.,high,False,CVE description and ATT&CK technique definition only,test,source_train,20.625,0.0484848484848
LSA-8A4A99EFCFDB,CVE_2020_3535,"A vulnerability in the loading mechanism of specific DLLs in the Cisco Webex Teams client for Windows could allow an authenticated, local attacker to load a malicious library. To exploit this vulnerability, the attacker needs valid credentials on the Windows system. The vulnerability is due to incorrect handling of directory paths at run time. An attacker could exploit this vulnerability by placing a malicious DLL file in a specific location on the targeted system. This file will execute when the vulnerable application launches. A successful exploit could allow the attacker to execute arbitrary code on the targeted system with the privileges of another user&amp;rsquo;s account.",T1078,Valid Accounts,"Adversaries may obtain and abuse credentials of existing accounts as a means of gaining Initial Access, Persistence, Privilege Escalation, or Defense Evasion. Compromised credentials may be used to bypass access controls placed on various resources on systems within the network and may even be used for persistent access to remote systems and externally available services, such as VPNs, Outlook Web Access, network devices, and remote desktop. Compromised credentials may also grant an adversary increased privilege to specific systems or access to restricted areas of the network. Adversaries may choose not to use malware or tools in conjunction with the legitimate access those credentials provide to make it harder to detect their presence. In some cases, adversaries may abuse inactive accounts: for example, those belonging to individuals who are no longer part of an organization. Using these accounts may allow the adversary to evade detection, as the original account user will not be present to identify any anomalous activity taking place on their account. The overlap of permissions for local, domain, and cloud accounts across a network of systems is of concern because the adversary may be able to pivot across accounts and systems to reach a high level of access (i.e., domain or enterprise administrator) to bypass access controls set within the enterprise.",inferential_or_plausible,"A vulnerability in the loading mechanism of specific DLLs in the Cisco Webex Teams client for Windows could allow an authenticated, local attacker to load a malicious library.","The vulnerability could enable using valid or default credentials, but the CVE text does not explicitly establish every element of the ATT&CK technique.",medium,False,CVE description and ATT&CK technique definition only,test,source_train,20.625,0.0484848484848
LSA-B777664993A8,CVE_2020_5364,"Dell EMC Isilon OneFS versions 8.2.2 and earlier contain an SNMPv2 vulnerability. The SNMPv2 services is enabled, by default, with a pre-configured community string. This community string allows read-only access to many aspects of the Isilon cluster, some of which are considered sensitive and can foster additional access.",T1078,Valid Accounts,"Adversaries may obtain and abuse credentials of existing accounts as a means of gaining Initial Access, Persistence, Privilege Escalation, or Defense Evasion. Compromised credentials may be used to bypass access controls placed on various resources on systems within the network and may even be used for persistent access to remote systems and externally available services, such as VPNs, Outlook Web Access, network devices, and remote desktop. Compromised credentials may also grant an adversary increased privilege to specific systems or access to restricted areas of the network. Adversaries may choose not to use malware or tools in conjunction with the legitimate access those credentials provide to make it harder to detect their presence. In some cases, adversaries may abuse inactive accounts: for example, those belonging to individuals who are no longer part of an organization. Using these accounts may allow the adversary to evade detection, as the original account user will not be present to identify any anomalous activity taking place on their account. The overlap of permissions for local, domain, and cloud accounts across a network of systems is of concern because the adversary may be able to pivot across accounts and systems to reach a high level of access (i.e., domain or enterprise administrator) to bypass access controls set within the enterprise.",directly_supported,"This community string allows read-only access to many aspects of the Isilon cluster, some of which are considered sensitive and can foster additional access.",The CVE description explicitly describes using valid or default credentials; the central behavior is stated rather than inferred.,high,False,CVE description and ATT&CK technique definition only,test,source_train,20.625,0.0484848484848
LSA-BE8DB6858ADD,CVE_2021_21243,"OneDev is an all-in-one devops platform. In OneDev before version 4.0.3, a Kubernetes REST endpoint exposes two methods that deserialize untrusted data from the request body. These endpoints do not enforce any authentication or authorization checks. This issue may lead to pre-auth RCE. This issue was fixed in 4.0.3 by not using deserialization at KubernetesResource side.",T1078,Valid Accounts,"Adversaries may obtain and abuse credentials of existing accounts as a means of gaining Initial Access, Persistence, Privilege Escalation, or Defense Evasion. Compromised credentials may be used to bypass access controls placed on various resources on systems within the network and may even be used for persistent access to remote systems and externally available services, such as VPNs, Outlook Web Access, network devices, and remote desktop. Compromised credentials may also grant an adversary increased privilege to specific systems or access to restricted areas of the network. Adversaries may choose not to use malware or tools in conjunction with the legitimate access those credentials provide to make it harder to detect their presence. In some cases, adversaries may abuse inactive accounts: for example, those belonging to individuals who are no longer part of an organization. Using these accounts may allow the adversary to evade detection, as the original account user will not be present to identify any anomalous activity taking place on their account. The overlap of permissions for local, domain, and cloud accounts across a network of systems is of concern because the adversary may be able to pivot across accounts and systems to reach a high level of access (i.e., domain or enterprise administrator) to bypass access controls set within the enterprise.",unsupported,"In OneDev before version 4.0.3, a Kubernetes REST endpoint exposes two methods that deserialize untrusted data from the request body.",The CVE description concerns a different behavior or consequence and does not describe using valid or default credentials.,high,False,CVE description and ATT&CK technique definition only,test,source_test,20.625,0.0484848484848
LSA-53987D7D7C63,CVE_2022_1258,"A blind SQL injection vulnerability in the ePolicy Orchestrator (ePO) extension of MA prior to 5.7.6 can be exploited by an authenticated administrator on ePO to perform arbitrary SQL queries in the back-end database, potentially leading to command execution on the server.",T1078,Valid Accounts,"Adversaries may obtain and abuse credentials of existing accounts as a means of gaining Initial Access, Persistence, Privilege Escalation, or Defense Evasion. Compromised credentials may be used to bypass access controls placed on various resources on systems within the network and may even be used for persistent access to remote systems and externally available services, such as VPNs, Outlook Web Access, network devices, and remote desktop. Compromised credentials may also grant an adversary increased privilege to specific systems or access to restricted areas of the network. Adversaries may choose not to use malware or tools in conjunction with the legitimate access those credentials provide to make it harder to detect their presence. In some cases, adversaries may abuse inactive accounts: for example, those belonging to individuals who are no longer part of an organization. Using these accounts may allow the adversary to evade detection, as the original account user will not be present to identify any anomalous activity taking place on their account. The overlap of permissions for local, domain, and cloud accounts across a network of systems is of concern because the adversary may be able to pivot across accounts and systems to reach a high level of access (i.e., domain or enterprise administrator) to bypass access controls set within the enterprise.",inferential_or_plausible,"A blind SQL injection vulnerability in the ePolicy Orchestrator (ePO) extension of MA prior to 5.7.6 can be exploited by an authenticated administrator on ePO to perform arbitrary SQL queries in the back-end database, potentially leading to command execution on the server.","The vulnerability could enable using valid or default credentials, but the CVE text does not explicitly establish every element of the ATT&CK technique.",medium,False,CVE description and ATT&CK technique definition only,test,source_test,20.625,0.0484848484848
LSA-EF8C5B938A0B,CVE_2022_23863,Zoho ManageEngine Desktop Central before 10.1.2137.10 allows an authenticated user to change any user's login password.,T1078,Valid Accounts,"Adversaries may obtain and abuse credentials of existing accounts as a means of gaining Initial Access, Persistence, Privilege Escalation, or Defense Evasion. Compromised credentials may be used to bypass access controls placed on various resources on systems within the network and may even be used for persistent access to remote systems and externally available services, such as VPNs, Outlook Web Access, network devices, and remote desktop. Compromised credentials may also grant an adversary increased privilege to specific systems or access to restricted areas of the network. Adversaries may choose not to use malware or tools in conjunction with the legitimate access those credentials provide to make it harder to detect their presence. In some cases, adversaries may abuse inactive accounts: for example, those belonging to individuals who are no longer part of an organization. Using these accounts may allow the adversary to evade detection, as the original account user will not be present to identify any anomalous activity taking place on their account. The overlap of permissions for local, domain, and cloud accounts across a network of systems is of concern because the adversary may be able to pivot across accounts and systems to reach a high level of access (i.e., domain or enterprise administrator) to bypass access controls set within the enterprise.",inferential_or_plausible,Zoho ManageEngine Desktop Central before 10.1.2137.10 allows an authenticated user to change any user's login password.,"The vulnerability could enable using valid or default credentials, but the CVE text does not explicitly establish every element of the ATT&CK technique.",low,True,CVE description and ATT&CK technique definition only,test,source_test,20.625,0.0484848484848
LSA-1C5A4A954D47,CVE_2022_29039,"Jenkins Gerrit Trigger Plugin 2.35.2 and earlier does not escape the name and description of Base64 Encoded String parameters on views displaying parameters, resulting in a stored cross-site scripting (XSS) vulnerability exploitable by attackers with Item/Configure permission.",T1078,Valid Accounts,"Adversaries may obtain and abuse credentials of existing accounts as a means of gaining Initial Access, Persistence, Privilege Escalation, or Defense Evasion. Compromised credentials may be used to bypass access controls placed on various resources on systems within the network and may even be used for persistent access to remote systems and externally available services, such as VPNs, Outlook Web Access, network devices, and remote desktop. Compromised credentials may also grant an adversary increased privilege to specific systems or access to restricted areas of the network. Adversaries may choose not to use malware or tools in conjunction with the legitimate access those credentials provide to make it harder to detect their presence. In some cases, adversaries may abuse inactive accounts: for example, those belonging to individuals who are no longer part of an organization. Using these accounts may allow the adversary to evade detection, as the original account user will not be present to identify any anomalous activity taking place on their account. The overlap of permissions for local, domain, and cloud accounts across a network of systems is of concern because the adversary may be able to pivot across accounts and systems to reach a high level of access (i.e., domain or enterprise administrator) to bypass access controls set within the enterprise.",unsupported,"Jenkins Gerrit Trigger Plugin 2.35.2 and earlier does not escape the name and description of Base64 Encoded String parameters on views displaying parameters, resulting in a stored cross-site scripting (XSS) vulnerability exploitable by attackers with Item/Configure permission.",The CVE description concerns a different behavior or consequence and does not describe using valid or default credentials.,high,False,CVE description and ATT&CK technique definition only,test,source_train,20.625,0.0484848484848
LSA-9B7779C1F4F4,CVE_2016_3298,"Microsoft Internet Explorer 9 through 11 and the Internet Messaging API in Windows Vista SP2, Windows Server 2008 SP2 and R2 SP1, and Windows 7 SP1 allow remote attackers to determine the existence of arbitrary files via a crafted web site, aka ""Internet Explorer Information Disclosure Vulnerability.""",T1083,File and Directory Discovery,"Adversaries may enumerate files and directories or may search in specific locations of a host or network share for certain information within a file system. Adversaries may use the information from File and Directory Discovery during automated discovery to shape follow-on behaviors, including whether or not the adversary fully infects the target and/or attempts specific actions. Many command shell utilities can be used to obtain this information. Examples include dir , tree , ls , find , and locate . Custom tools may also be used to gather file and directory information and interact with the Native API. Adversaries may also leverage a Network Device CLI on network devices to gather file and directory information (e.g. dir , show flash , and/or nvram ). Some files and directories may require elevated or specific user permissions to access.",directly_supported,"Microsoft Internet Explorer 9 through 11 and the Internet Messaging API in Windows Vista SP2, Windows Server 2008 SP2 and R2 SP1, and Windows 7 SP1 allow remote attackers to determine the existence of arbitrary files via a crafted web site, aka ""Internet Explorer Information Disclosure Vulnerability.""",The CVE description explicitly describes enumerating files or directories; the central behavior is stated rather than inferred.,high,False,CVE description and ATT&CK technique definition only,test,source_train,5.5,0.181818181818
LSA-57384BDBB1AE,CVE_2017_6922,"In Drupal core 8.x prior to 8.3.4 and Drupal core 7.x prior to 7.56; Private files that have been uploaded by an anonymous user but not permanently attached to content on the site should only be visible to the anonymous user that uploaded them, rather than all anonymous users. Drupal core did not previously provide this protection, allowing an access bypass vulnerability to occur. This issue is mitigated by the fact that in order to be affected, the site must allow anonymous users to upload files into a private file system.",T1083,File and Directory Discovery,"Adversaries may enumerate files and directories or may search in specific locations of a host or network share for certain information within a file system. Adversaries may use the information from File and Directory Discovery during automated discovery to shape follow-on behaviors, including whether or not the adversary fully infects the target and/or attempts specific actions. Many command shell utilities can be used to obtain this information. Examples include dir , tree , ls , find , and locate . Custom tools may also be used to gather file and directory information and interact with the Native API. Adversaries may also leverage a Network Device CLI on network devices to gather file and directory information (e.g. dir , show flash , and/or nvram ). Some files and directories may require elevated or specific user permissions to access.",unsupported,"In Drupal core 8.x prior to 8.3.4 and Drupal core 7.x prior to 7.56; Private files that have been uploaded by an anonymous user but not permanently attached to content on the site should only be visible to the anonymous user that uploaded them, rather than all anonymous users.",The CVE description concerns a different behavior or consequence and does not describe enumerating files or directories.,high,False,CVE description and ATT&CK technique definition only,test,source_train,5.5,0.181818181818
LSA-8D074330C03B,CVE_2020_14028,"An issue was discovered in Ozeki NG SMS Gateway through 4.17.6. By leveraging a path traversal vulnerability in the Autoreply module's Script Name, an attacker may write to or overwrite arbitrary files, with arbitrary content, usually with NT AUTHORITY\SYSTEM privileges.",T1083,File and Directory Discovery,"Adversaries may enumerate files and directories or may search in specific locations of a host or network share for certain information within a file system. Adversaries may use the information from File and Directory Discovery during automated discovery to shape follow-on behaviors, including whether or not the adversary fully infects the target and/or attempts specific actions. Many command shell utilities can be used to obtain this information. Examples include dir , tree , ls , find , and locate . Custom tools may also be used to gather file and directory information and interact with the Native API. Adversaries may also leverage a Network Device CLI on network devices to gather file and directory information (e.g. dir , show flash , and/or nvram ). Some files and directories may require elevated or specific user permissions to access.",unsupported,"By leveraging a path traversal vulnerability in the Autoreply module's Script Name, an attacker may write to or overwrite arbitrary files, with arbitrary content, usually with NT AUTHORITY\SYSTEM privileges.",The CVE description concerns a different behavior or consequence and does not describe enumerating files or directories.,high,False,CVE description and ATT&CK technique definition only,development,source_train,5.5,0.181818181818
LSA-8C68D86BEBF6,CVE_2020_25248,"An issue was discovered in Hyland OnBase through 16.0.2.83 and below, 17.0.2.109 and below, 18.0.0.37 and below, 19.8.16.1000 and below and 20.3.10.1000 and below. Directory traversal exists for reading files, as demonstrated by the FileName parameter.",T1083,File and Directory Discovery,"Adversaries may enumerate files and directories or may search in specific locations of a host or network share for certain information within a file system. Adversaries may use the information from File and Directory Discovery during automated discovery to shape follow-on behaviors, including whether or not the adversary fully infects the target and/or attempts specific actions. Many command shell utilities can be used to obtain this information. Examples include dir , tree , ls , find , and locate . Custom tools may also be used to gather file and directory information and interact with the Native API. Adversaries may also leverage a Network Device CLI on network devices to gather file and directory information (e.g. dir , show flash , and/or nvram ). Some files and directories may require elevated or specific user permissions to access.",inferential_or_plausible,"An issue was discovered in Hyland OnBase through 16.0.2.83 and below, 17.0.2.109 and below, 18.0.0.37 and below, 19.8.16.1000 and below and 20.3.10.1000 and below.","The vulnerability could enable enumerating files or directories, but the CVE text does not explicitly establish every element of the ATT&CK technique.",medium,False,CVE description and ATT&CK technique definition only,test,source_train,5.5,0.181818181818
LSA-AFC57D182A20,CVE_2020_27553,"In BASETech GE-131 BT-1837836 firmware 20180921, the web-server on the system is configured with the option “DocumentRoot /etc“. This allows an attacker with network access to the web-server to download any files from the “/etc” folder without authentication. No path traversal sequences are needed to exploit this vulnerability.",T1083,File and Directory Discovery,"Adversaries may enumerate files and directories or may search in specific locations of a host or network share for certain information within a file system. Adversaries may use the information from File and Directory Discovery during automated discovery to shape follow-on behaviors, including whether or not the adversary fully infects the target and/or attempts specific actions. Many command shell utilities can be used to obtain this information. Examples include dir , tree , ls , find , and locate . Custom tools may also be used to gather file and directory information and interact with the Native API. Adversaries may also leverage a Network Device CLI on network devices to gather file and directory information (e.g. dir , show flash , and/or nvram ). Some files and directories may require elevated or specific user permissions to access.",inferential_or_plausible,This allows an attacker with network access to the web-server to download any files from the “/etc” folder without authentication.,"The vulnerability could enable enumerating files or directories, but the CVE text does not explicitly establish every element of the ATT&CK technique.",medium,False,CVE description and ATT&CK technique definition only,development,source_train,5.5,0.181818181818
LSA-EA45C88FFDE4,CVE_2021_23357,All versions of package github.com/tyktechnologies/tyk/gateway are vulnerable to Directory Traversal via the handleAddOrUpdateApi function. This function is able to delete arbitrary JSON files on the disk where Tyk is running via the management API. The APIID is provided by the user and this value is then used to create a file on disk. If there is a file found with the same name then it will be deleted and then re-created with the contents of the API creation request.,T1083,File and Directory Discovery,"Adversaries may enumerate files and directories or may search in specific locations of a host or network share for certain information within a file system. Adversaries may use the information from File and Directory Discovery during automated discovery to shape follow-on behaviors, including whether or not the adversary fully infects the target and/or attempts specific actions. Many command shell utilities can be used to obtain this information. Examples include dir , tree , ls , find , and locate . Custom tools may also be used to gather file and directory information and interact with the Native API. Adversaries may also leverage a Network Device CLI on network devices to gather file and directory information (e.g. dir , show flash , and/or nvram ). Some files and directories may require elevated or specific user permissions to access.",unsupported,All versions of package github.com/tyktechnologies/tyk/gateway are vulnerable to Directory Traversal via the handleAddOrUpdateApi function.,The CVE description concerns a different behavior or consequence and does not describe enumerating files or directories.,high,False,CVE description and ATT&CK technique definition only,test,source_train,5.5,0.181818181818
LSA-F54100F69811,CVE_2021_28042,Deutsche Post Mailoptimizer 4.3 before 2020-11-09 allows Directory Traversal via a crafted ZIP archive to the Upload feature or the MO Connect component. This can lead to remote code execution.,T1083,File and Directory Discovery,"Adversaries may enumerate files and directories or may search in specific locations of a host or network share for certain information within a file system. Adversaries may use the information from File and Directory Discovery during automated discovery to shape follow-on behaviors, including whether or not the adversary fully infects the target and/or attempts specific actions. Many command shell utilities can be used to obtain this information. Examples include dir , tree , ls , find , and locate . Custom tools may also be used to gather file and directory information and interact with the Native API. Adversaries may also leverage a Network Device CLI on network devices to gather file and directory information (e.g. dir , show flash , and/or nvram ). Some files and directories may require elevated or specific user permissions to access.",unsupported,Deutsche Post Mailoptimizer 4.3 before 2020-11-09 allows Directory Traversal via a crafted ZIP archive to the Upload feature or the MO Connect component.,The CVE description concerns a different behavior or consequence and does not describe enumerating files or directories.,high,False,CVE description and ATT&CK technique definition only,test,source_train,5.5,0.181818181818
LSA-CA2BF428FF33,CVE_2022_21682,"Flatpak is a Linux application sandboxing and distribution framework. A path traversal vulnerability affects versions of Flatpak prior to 1.12.3 and 1.10.6. flatpak-builder applies `finish-args` last in the build. At this point the build directory will have the full access that is specified in the manifest, so running `flatpak build` against it will gain those permissions. Normally this will not be done, so this is not problem. However, if `--mirror-screenshots-url` is specified, then flatpak-builder will launch `flatpak build --nofilesystem=host appstream-utils mirror-screenshots` after finalization, which can lead to issues even with the `--nofilesystem=host` protection. In normal use, the only issue is that these empty directories can be created wherever the user has write permissions. However, a malicious application could replace the `appstream-util` binary and potentially do something more hostile. This has been resolved in Flatpak 1.12.3 and 1.10.6 by changing the behaviour of `--nofilesystem=home` and `--nofilesystem=host`.",T1083,File and Directory Discovery,"Adversaries may enumerate files and directories or may search in specific locations of a host or network share for certain information within a file system. Adversaries may use the information from File and Directory Discovery during automated discovery to shape follow-on behaviors, including whether or not the adversary fully infects the target and/or attempts specific actions. Many command shell utilities can be used to obtain this information. Examples include dir , tree , ls , find , and locate . Custom tools may also be used to gather file and directory information and interact with the Native API. Adversaries may also leverage a Network Device CLI on network devices to gather file and directory information (e.g. dir , show flash , and/or nvram ). Some files and directories may require elevated or specific user permissions to access.",unsupported,"However, if `--mirror-screenshots-url` is specified, then flatpak-builder will launch `flatpak build --nofilesystem=host appstream-utils mirror-screenshots` after finalization, which can lead to issues even with the `--nofilesystem=host` protection.",The CVE description concerns a different behavior or consequence and does not describe enumerating files or directories.,high,False,CVE description and ATT&CK technique definition only,test,source_test,5.5,0.181818181818
LSA-943F58FF2A5D,CVE_2018_11045,"Pivotal Operations Manager, versions 2.1 prior to 2.1.6 and 2.0 prior to 2.0.15 and 1.12 prior to 1.12.22, contains a static Linux Random Number Generator (LRNG) seed file embedded in the appliance image. An attacker with knowledge of the exact version and IaaS of a running OpsManager could get the contents of the corresponding seed from the published image and therefore infer the initial state of the LRNG.",T1110,Brute Force,"Adversaries may use brute force techniques to gain access to accounts when passwords are unknown or when password hashes are obtained. Without knowledge of the password for an account or set of accounts, an adversary may systematically guess the password using a repetitive or iterative mechanism. Brute forcing passwords can take place via interaction with a service that will check the validity of those credentials or offline against previously acquired credential data, such as password hashes. Brute forcing credentials may take place at various points during a breach. For example, adversaries may attempt to brute force access to Valid Accounts within a victim environment leveraging knowledge gathered from other post-compromise behaviors such as OS Credential Dumping, Account Discovery, or Password Policy Discovery. Adversaries may also combine brute forcing activity with behaviors such as External Remote Services as part of Initial Access. If an adversary guesses the correct password but fails to login to a compromised account due to location-based conditional access policies, they may change their infrastructure until they match the victim’s location and therefore bypass those policies.",inferential_or_plausible,An attacker with knowledge of the exact version and IaaS of a running OpsManager could get the contents of the corresponding seed from the published image and therefore infer the initial state of the LRNG.,"The vulnerability could enable guessing or cracking credentials, but the CVE text does not explicitly establish every element of the ATT&CK technique.",medium,False,CVE description and ATT&CK technique definition only,test,source_test,4.625,0.216216216216
LSA-72ED984B3902,CVE_2018_15800,"Cloud Foundry Bits Service, versions prior to 2.18.0, includes an information disclosure vulnerability. A remote malicious user may execute a timing attack to brute-force the signing key, allowing them complete read and write access to the the Bits Service storage.",T1110,Brute Force,"Adversaries may use brute force techniques to gain access to accounts when passwords are unknown or when password hashes are obtained. Without knowledge of the password for an account or set of accounts, an adversary may systematically guess the password using a repetitive or iterative mechanism. Brute forcing passwords can take place via interaction with a service that will check the validity of those credentials or offline against previously acquired credential data, such as password hashes. Brute forcing credentials may take place at various points during a breach. For example, adversaries may attempt to brute force access to Valid Accounts within a victim environment leveraging knowledge gathered from other post-compromise behaviors such as OS Credential Dumping, Account Discovery, or Password Policy Discovery. Adversaries may also combine brute forcing activity with behaviors such as External Remote Services as part of Initial Access. If an adversary guesses the correct password but fails to login to a compromised account due to location-based conditional access policies, they may change their infrastructure until they match the victim’s location and therefore bypass those policies.",directly_supported,"A remote malicious user may execute a timing attack to brute-force the signing key, allowing them complete read and write access to the the Bits Service storage.",The CVE description explicitly describes guessing or cracking credentials; the central behavior is stated rather than inferred.,high,False,CVE description and ATT&CK technique definition only,test,source_train,4.625,0.216216216216
LSA-A40BC60B399B,CVE_2019_1715,"A vulnerability in the Deterministic Random Bit Generator (DRBG), also known as Pseudorandom Number Generator (PRNG), used in Cisco Adaptive Security Appliance (ASA) Software and Cisco Firepower Threat Defense (FTD) Software could allow an unauthenticated, remote attacker to cause a cryptographic collision, enabling the attacker to discover the private key of an affected device. The vulnerability is due to insufficient entropy in the DRBG when generating cryptographic keys. An attacker could exploit this vulnerability by generating a large number of cryptographic keys on an affected device and looking for collisions with target devices. A successful exploit could allow the attacker to impersonate an affected target device or to decrypt traffic secured by an affected key that is sent to or from an affected target device.",T1110,Brute Force,"Adversaries may use brute force techniques to gain access to accounts when passwords are unknown or when password hashes are obtained. Without knowledge of the password for an account or set of accounts, an adversary may systematically guess the password using a repetitive or iterative mechanism. Brute forcing passwords can take place via interaction with a service that will check the validity of those credentials or offline against previously acquired credential data, such as password hashes. Brute forcing credentials may take place at various points during a breach. For example, adversaries may attempt to brute force access to Valid Accounts within a victim environment leveraging knowledge gathered from other post-compromise behaviors such as OS Credential Dumping, Account Discovery, or Password Policy Discovery. Adversaries may also combine brute forcing activity with behaviors such as External Remote Services as part of Initial Access. If an adversary guesses the correct password but fails to login to a compromised account due to location-based conditional access policies, they may change their infrastructure until they match the victim’s location and therefore bypass those policies.",inferential_or_plausible,"A vulnerability in the Deterministic Random Bit Generator (DRBG), also known as Pseudorandom Number Generator (PRNG), used in Cisco Adaptive Security Appliance (ASA) Software and Cisco Firepower Threat Defense (FTD) Software could allow an unauthenticated, remote attacker to cause a cryptographic collision, enabling the attacker to discov","The vulnerability could enable guessing or cracking credentials, but the CVE text does not explicitly establish every element of the ATT&CK technique.",medium,False,CVE description and ATT&CK technique definition only,test,source_train,4.625,0.216216216216
LSA-975223862498,CVE_2020_5365,"Dell EMC Isilon versions 8.2.2 and earlier contain a remotesupport vulnerability. The pre-configured support account, remotesupport, is bundled in the Dell EMC Isilon OneFS installation. This account is used for diagnostics and other support functions. Although the default password is different for every cluster, it is predictable.",T1110,Brute Force,"Adversaries may use brute force techniques to gain access to accounts when passwords are unknown or when password hashes are obtained. Without knowledge of the password for an account or set of accounts, an adversary may systematically guess the password using a repetitive or iterative mechanism. Brute forcing passwords can take place via interaction with a service that will check the validity of those credentials or offline against previously acquired credential data, such as password hashes. Brute forcing credentials may take place at various points during a breach. For example, adversaries may attempt to brute force access to Valid Accounts within a victim environment leveraging knowledge gathered from other post-compromise behaviors such as OS Credential Dumping, Account Discovery, or Password Policy Discovery. Adversaries may also combine brute forcing activity with behaviors such as External Remote Services as part of Initial Access. If an adversary guesses the correct password but fails to login to a compromised account due to location-based conditional access policies, they may change their infrastructure until they match the victim’s location and therefore bypass those policies.",directly_supported,"The pre-configured support account, remotesupport, is bundled in the Dell EMC Isilon OneFS installation.",The CVE description explicitly describes guessing or cracking credentials; the central behavior is stated rather than inferred.,high,False,CVE description and ATT&CK technique definition only,test,source_train,4.625,0.216216216216
LSA-04BB29F4DC2E,CVE_2021_33563,"Koel before 5.1.4 lacks login throttling, lacks a password strength policy, and shows whether a failed login attempt had a valid username. This might make brute-force attacks easier.",T1110,Brute Force,"Adversaries may use brute force techniques to gain access to accounts when passwords are unknown or when password hashes are obtained. Without knowledge of the password for an account or set of accounts, an adversary may systematically guess the password using a repetitive or iterative mechanism. Brute forcing passwords can take place via interaction with a service that will check the validity of those credentials or offline against previously acquired credential data, such as password hashes. Brute forcing credentials may take place at various points during a breach. For example, adversaries may attempt to brute force access to Valid Accounts within a victim environment leveraging knowledge gathered from other post-compromise behaviors such as OS Credential Dumping, Account Discovery, or Password Policy Discovery. Adversaries may also combine brute forcing activity with behaviors such as External Remote Services as part of Initial Access. If an adversary guesses the correct password but fails to login to a compromised account due to location-based conditional access policies, they may change their infrastructure until they match the victim’s location and therefore bypass those policies.",directly_supported,"Koel before 5.1.4 lacks login throttling, lacks a password strength policy, and shows whether a failed login attempt had a valid username.",The CVE description explicitly describes guessing or cracking credentials; the central behavior is stated rather than inferred.,high,False,CVE description and ATT&CK technique definition only,test,source_test,4.625,0.216216216216
LSA-82D000088110,CVE_2021_33880,The aaugustin websockets library before 9.1 for Python has an Observable Timing Discrepancy on servers when HTTP Basic Authentication is enabled with basic_auth_protocol_factory(credentials=...). An attacker may be able to guess a password via a timing attack.,T1110,Brute Force,"Adversaries may use brute force techniques to gain access to accounts when passwords are unknown or when password hashes are obtained. Without knowledge of the password for an account or set of accounts, an adversary may systematically guess the password using a repetitive or iterative mechanism. Brute forcing passwords can take place via interaction with a service that will check the validity of those credentials or offline against previously acquired credential data, such as password hashes. Brute forcing credentials may take place at various points during a breach. For example, adversaries may attempt to brute force access to Valid Accounts within a victim environment leveraging knowledge gathered from other post-compromise behaviors such as OS Credential Dumping, Account Discovery, or Password Policy Discovery. Adversaries may also combine brute forcing activity with behaviors such as External Remote Services as part of Initial Access. If an adversary guesses the correct password but fails to login to a compromised account due to location-based conditional access policies, they may change their infrastructure until they match the victim’s location and therefore bypass those policies.",directly_supported,The aaugustin websockets library before 9.1 for Python has an Observable Timing Discrepancy on servers when HTTP Basic Authentication is enabled with basic_auth_protocol_factory(credentials=...).,The CVE description explicitly describes guessing or cracking credentials; the central behavior is stated rather than inferred.,high,False,CVE description and ATT&CK technique definition only,test,source_train,4.625,0.216216216216
LSA-DCF6BFD6635D,CVE_2021_34761,"A vulnerability in Cisco Firepower Threat Defense (FTD) Software could allow an authenticated, local attacker to overwrite or append arbitrary data to system files using root-level privileges. The attacker must have administrative credentials on the device. This vulnerability is due to incomplete validation of user input for a specific CLI command. An attacker could exploit this vulnerability by authenticating to the device with administrative privileges and issuing a CLI command with crafted user parameters. A successful exploit could allow the attacker to overwrite or append arbitrary data to system files using root-level privileges.",T1110,Brute Force,"Adversaries may use brute force techniques to gain access to accounts when passwords are unknown or when password hashes are obtained. Without knowledge of the password for an account or set of accounts, an adversary may systematically guess the password using a repetitive or iterative mechanism. Brute forcing passwords can take place via interaction with a service that will check the validity of those credentials or offline against previously acquired credential data, such as password hashes. Brute forcing credentials may take place at various points during a breach. For example, adversaries may attempt to brute force access to Valid Accounts within a victim environment leveraging knowledge gathered from other post-compromise behaviors such as OS Credential Dumping, Account Discovery, or Password Policy Discovery. Adversaries may also combine brute forcing activity with behaviors such as External Remote Services as part of Initial Access. If an adversary guesses the correct password but fails to login to a compromised account due to location-based conditional access policies, they may change their infrastructure until they match the victim’s location and therefore bypass those policies.",unsupported,"A vulnerability in Cisco Firepower Threat Defense (FTD) Software could allow an authenticated, local attacker to overwrite or append arbitrary data to system files using root-level privileges.",The CVE description concerns a different behavior or consequence and does not describe guessing or cracking credentials.,high,False,CVE description and ATT&CK technique definition only,development,source_train,4.625,0.216216216216
LSA-4D6B8E10C26B,CVE_2022_23348,BigAnt Software BigAnt Server v5.6.06 was discovered to utilize weak password hashes.,T1110,Brute Force,"Adversaries may use brute force techniques to gain access to accounts when passwords are unknown or when password hashes are obtained. Without knowledge of the password for an account or set of accounts, an adversary may systematically guess the password using a repetitive or iterative mechanism. Brute forcing passwords can take place via interaction with a service that will check the validity of those credentials or offline against previously acquired credential data, such as password hashes. Brute forcing credentials may take place at various points during a breach. For example, adversaries may attempt to brute force access to Valid Accounts within a victim environment leveraging knowledge gathered from other post-compromise behaviors such as OS Credential Dumping, Account Discovery, or Password Policy Discovery. Adversaries may also combine brute forcing activity with behaviors such as External Remote Services as part of Initial Access. If an adversary guesses the correct password but fails to login to a compromised account due to location-based conditional access policies, they may change their infrastructure until they match the victim’s location and therefore bypass those policies.",inferential_or_plausible,BigAnt Software BigAnt Server v5.6.06 was discovered to utilize weak password hashes.,"The vulnerability could enable guessing or cracking credentials, but the CVE text does not explicitly establish every element of the ATT&CK technique.",medium,False,CVE description and ATT&CK technique definition only,test,source_train,4.625,0.216216216216
LSA-7B31122E82D0,CVE_2014_6271,"GNU Bash through 4.3 processes trailing strings after function definitions in the values of environment variables, which allows remote attackers to execute arbitrary code via a crafted environment, as demonstrated by vectors involving the ForceCommand feature in OpenSSH sshd, the mod_cgi and mod_cgid modules in the Apache HTTP Server, scripts executed by unspecified DHCP clients, and other situations in which setting the environment occurs across a privilege boundary from Bash execution, aka ""ShellShock."" NOTE: the original fix for this issue was incorrect; CVE-2014-7169 has been assigned to cover the vulnerability that is still present after the incorrect fix.",T1133,External Remote Services,"Adversaries may leverage external-facing remote services to initially access and/or persist within a network. Remote services such as VPNs, Citrix, and other access mechanisms allow users to connect to internal enterprise network resources from external locations. There are often remote service gateways that manage connections and credential authentication for these services. Services such as Windows Remote Management and VNC can also be used externally. Access to Valid Accounts to use the service is often a requirement, which could be obtained through credential pharming or by obtaining the credentials from users after compromising the enterprise network. Access to remote services may be used as a redundant or persistent access mechanism during an operation. Access may also be gained through an exposed service that doesn’t require authentication. In containerized environments, this may include an exposed Docker API, Kubernetes API server, kubelet, or web application such as the Kubernetes dashboard. Adversaries may also establish persistence on network by configuring a Tor hidden service on a compromised system. Adversaries may utilize the tool `ShadowLink` to facilitate the installation and configuration of the Tor hidden service. Tor hidden service is then accessible via the Tor network because `ShadowLink` sets up a .onion address on the compromised system. `ShadowLink` may be used to forward any inbound connections to RDP, allowing the adversaries to have remote access. Adversaries may get `ShadowLink` to persist on a system by masquerading it as an MS Defender application.",inferential_or_plausible,"GNU Bash through 4.3 processes trailing strings after function definitions in the values of environment variables, which allows remote attackers to execute arbitrary code via a crafted environment, as demonstrated by vectors involving the ForceCommand feature in OpenSSH sshd, the mod_cgi and mod_cgid modules in the Apache HTTP Server, scr","The vulnerability could enable using externally accessible remote services, but the CVE text does not explicitly establish every element of the ATT&CK technique.",low,True,CVE description and ATT&CK technique definition only,test,source_test|source_train,6.875,0.145454545455
LSA-7AE6A00C296F,CVE_2016_5180,Heap-based buffer overflow in the ares_create_query function in c-ares 1.x before 1.12.0 allows remote attackers to cause a denial of service (out-of-bounds write) or possibly execute arbitrary code via a hostname with an escaped trailing dot.,T1133,External Remote Services,"Adversaries may leverage external-facing remote services to initially access and/or persist within a network. Remote services such as VPNs, Citrix, and other access mechanisms allow users to connect to internal enterprise network resources from external locations. There are often remote service gateways that manage connections and credential authentication for these services. Services such as Windows Remote Management and VNC can also be used externally. Access to Valid Accounts to use the service is often a requirement, which could be obtained through credential pharming or by obtaining the credentials from users after compromising the enterprise network. Access to remote services may be used as a redundant or persistent access mechanism during an operation. Access may also be gained through an exposed service that doesn’t require authentication. In containerized environments, this may include an exposed Docker API, Kubernetes API server, kubelet, or web application such as the Kubernetes dashboard. Adversaries may also establish persistence on network by configuring a Tor hidden service on a compromised system. Adversaries may utilize the tool `ShadowLink` to facilitate the installation and configuration of the Tor hidden service. Tor hidden service is then accessible via the Tor network because `ShadowLink` sets up a .onion address on the compromised system. `ShadowLink` may be used to forward any inbound connections to RDP, allowing the adversaries to have remote access. Adversaries may get `ShadowLink` to persist on a system by masquerading it as an MS Defender application.",unsupported,Heap-based buffer overflow in the ares_create_query function in c-ares 1.x before 1.12.0 allows remote attackers to cause a denial of service (out-of-bounds write) or possibly execute arbitrary code via a hostname with an escaped trailing dot.,The CVE description concerns a different behavior or consequence and does not describe using externally accessible remote services.,high,False,CVE description and ATT&CK technique definition only,development,source_train,6.875,0.145454545455
LSA-CD227469D41A,CVE_2019_1836,"A vulnerability in the system shell for Cisco Nexus 9000 Series Fabric Switches in Application Centric Infrastructure (ACI) mode could allow an authenticated, local attacker to use symbolic links to overwrite system files. These system files may be sensitive and should not be overwritable by non-root users. The attacker would need valid device credentials. The vulnerability is due to incorrect symbolic link verification of directory paths when they are used in the system shell. An attacker could exploit this vulnerability by authenticating to the device and providing crafted user input to specific symbolic link CLI commands. Successful exploitation could allow the attacker to overwrite system files that should be restricted. This vulnerability has been fixed in software version 14.1(1i).",T1133,External Remote Services,"Adversaries may leverage external-facing remote services to initially access and/or persist within a network. Remote services such as VPNs, Citrix, and other access mechanisms allow users to connect to internal enterprise network resources from external locations. There are often remote service gateways that manage connections and credential authentication for these services. Services such as Windows Remote Management and VNC can also be used externally. Access to Valid Accounts to use the service is often a requirement, which could be obtained through credential pharming or by obtaining the credentials from users after compromising the enterprise network. Access to remote services may be used as a redundant or persistent access mechanism during an operation. Access may also be gained through an exposed service that doesn’t require authentication. In containerized environments, this may include an exposed Docker API, Kubernetes API server, kubelet, or web application such as the Kubernetes dashboard. Adversaries may also establish persistence on network by configuring a Tor hidden service on a compromised system. Adversaries may utilize the tool `ShadowLink` to facilitate the installation and configuration of the Tor hidden service. Tor hidden service is then accessible via the Tor network because `ShadowLink` sets up a .onion address on the compromised system. `ShadowLink` may be used to forward any inbound connections to RDP, allowing the adversaries to have remote access. Adversaries may get `ShadowLink` to persist on a system by masquerading it as an MS Defender application.",unsupported,"A vulnerability in the system shell for Cisco Nexus 9000 Series Fabric Switches in Application Centric Infrastructure (ACI) mode could allow an authenticated, local attacker to use symbolic links to overwrite system files.",The CVE description concerns a different behavior or consequence and does not describe using externally accessible remote services.,high,False,CVE description and ATT&CK technique definition only,test,source_train,6.875,0.145454545455
LSA-C4F9E9422E99,CVE_2019_1942,"A vulnerability in the sponsor portal web interface for Cisco Identity Services Engine (ISE) could allow an authenticated, remote attacker to impact the integrity of an affected system by executing arbitrary SQL queries. The vulnerability is due to insufficient validation of user-supplied input. An attacker could exploit this vulnerability by sending crafted input that includes SQL statements to an affected system. A successful exploit could allow the attacker to modify entries in some database tables, affecting the integrity of the data. At the time of publication, this vulnerability affected Cisco ISE running software releases 2.6.0 and prior.",T1133,External Remote Services,"Adversaries may leverage external-facing remote services to initially access and/or persist within a network. Remote services such as VPNs, Citrix, and other access mechanisms allow users to connect to internal enterprise network resources from external locations. There are often remote service gateways that manage connections and credential authentication for these services. Services such as Windows Remote Management and VNC can also be used externally. Access to Valid Accounts to use the service is often a requirement, which could be obtained through credential pharming or by obtaining the credentials from users after compromising the enterprise network. Access to remote services may be used as a redundant or persistent access mechanism during an operation. Access may also be gained through an exposed service that doesn’t require authentication. In containerized environments, this may include an exposed Docker API, Kubernetes API server, kubelet, or web application such as the Kubernetes dashboard. Adversaries may also establish persistence on network by configuring a Tor hidden service on a compromised system. Adversaries may utilize the tool `ShadowLink` to facilitate the installation and configuration of the Tor hidden service. Tor hidden service is then accessible via the Tor network because `ShadowLink` sets up a .onion address on the compromised system. `ShadowLink` may be used to forward any inbound connections to RDP, allowing the adversaries to have remote access. Adversaries may get `ShadowLink` to persist on a system by masquerading it as an MS Defender application.",unsupported,"A vulnerability in the sponsor portal web interface for Cisco Identity Services Engine (ISE) could allow an authenticated, remote attacker to impact the integrity of an affected system by executing arbitrary SQL queries.",The CVE description concerns a different behavior or consequence and does not describe using externally accessible remote services.,high,False,CVE description and ATT&CK technique definition only,test,source_train,6.875,0.145454545455
LSA-84416C879E1F,CVE_2020_10603,WebAccess/NMS (versions prior to 3.0.2) does not properly sanitize user input and may allow an attacker to inject system commands remotely.,T1133,External Remote Services,"Adversaries may leverage external-facing remote services to initially access and/or persist within a network. Remote services such as VPNs, Citrix, and other access mechanisms allow users to connect to internal enterprise network resources from external locations. There are often remote service gateways that manage connections and credential authentication for these services. Services such as Windows Remote Management and VNC can also be used externally. Access to Valid Accounts to use the service is often a requirement, which could be obtained through credential pharming or by obtaining the credentials from users after compromising the enterprise network. Access to remote services may be used as a redundant or persistent access mechanism during an operation. Access may also be gained through an exposed service that doesn’t require authentication. In containerized environments, this may include an exposed Docker API, Kubernetes API server, kubelet, or web application such as the Kubernetes dashboard. Adversaries may also establish persistence on network by configuring a Tor hidden service on a compromised system. Adversaries may utilize the tool `ShadowLink` to facilitate the installation and configuration of the Tor hidden service. Tor hidden service is then accessible via the Tor network because `ShadowLink` sets up a .onion address on the compromised system. `ShadowLink` may be used to forward any inbound connections to RDP, allowing the adversaries to have remote access. Adversaries may get `ShadowLink` to persist on a system by masquerading it as an MS Defender application.",unsupported,WebAccess/NMS (versions prior to 3.0.2) does not properly sanitize user input and may allow an attacker to inject system commands remotely.,The CVE description concerns a different behavior or consequence and does not describe using externally accessible remote services.,high,False,CVE description and ATT&CK technique definition only,test,source_test,6.875,0.145454545455
LSA-2E29B40A89F8,CVE_2020_11010,"In Tortoise ORM before versions 0.15.23 and 0.16.6, various forms of SQL injection have been found for MySQL and when filtering or doing mass-updates on char/text fields. SQLite &amp; PostgreSQL are only affected when filtering with contains, starts_with, or ends_with filters (and their case-insensitive counterparts).",T1133,External Remote Services,"Adversaries may leverage external-facing remote services to initially access and/or persist within a network. Remote services such as VPNs, Citrix, and other access mechanisms allow users to connect to internal enterprise network resources from external locations. There are often remote service gateways that manage connections and credential authentication for these services. Services such as Windows Remote Management and VNC can also be used externally. Access to Valid Accounts to use the service is often a requirement, which could be obtained through credential pharming or by obtaining the credentials from users after compromising the enterprise network. Access to remote services may be used as a redundant or persistent access mechanism during an operation. Access may also be gained through an exposed service that doesn’t require authentication. In containerized environments, this may include an exposed Docker API, Kubernetes API server, kubelet, or web application such as the Kubernetes dashboard. Adversaries may also establish persistence on network by configuring a Tor hidden service on a compromised system. Adversaries may utilize the tool `ShadowLink` to facilitate the installation and configuration of the Tor hidden service. Tor hidden service is then accessible via the Tor network because `ShadowLink` sets up a .onion address on the compromised system. `ShadowLink` may be used to forward any inbound connections to RDP, allowing the adversaries to have remote access. Adversaries may get `ShadowLink` to persist on a system by masquerading it as an MS Defender application.",unsupported,"In Tortoise ORM before versions 0.15.23 and 0.16.6, various forms of SQL injection have been found for MySQL and when filtering or doing mass-updates on char/text fields.",The CVE description concerns a different behavior or consequence and does not describe using externally accessible remote services.,high,False,CVE description and ATT&CK technique definition only,test,source_train,6.875,0.145454545455
LSA-2DC8DE2CE742,CVE_2020_5295,"In OctoberCMS (october/october composer package) versions from 1.0.319 and before 1.0.466, an attacker can exploit this vulnerability to read local files of an October CMS server. The vulnerability is only exploitable by an authenticated backend user with the `cms.manage_assets` permission. Issue has been patched in Build 466 (v1.0.466).",T1133,External Remote Services,"Adversaries may leverage external-facing remote services to initially access and/or persist within a network. Remote services such as VPNs, Citrix, and other access mechanisms allow users to connect to internal enterprise network resources from external locations. There are often remote service gateways that manage connections and credential authentication for these services. Services such as Windows Remote Management and VNC can also be used externally. Access to Valid Accounts to use the service is often a requirement, which could be obtained through credential pharming or by obtaining the credentials from users after compromising the enterprise network. Access to remote services may be used as a redundant or persistent access mechanism during an operation. Access may also be gained through an exposed service that doesn’t require authentication. In containerized environments, this may include an exposed Docker API, Kubernetes API server, kubelet, or web application such as the Kubernetes dashboard. Adversaries may also establish persistence on network by configuring a Tor hidden service on a compromised system. Adversaries may utilize the tool `ShadowLink` to facilitate the installation and configuration of the Tor hidden service. Tor hidden service is then accessible via the Tor network because `ShadowLink` sets up a .onion address on the compromised system. `ShadowLink` may be used to forward any inbound connections to RDP, allowing the adversaries to have remote access. Adversaries may get `ShadowLink` to persist on a system by masquerading it as an MS Defender application.",unsupported,"In OctoberCMS (october/october composer package) versions from 1.0.319 and before 1.0.466, an attacker can exploit this vulnerability to read local files of an October CMS server.",The CVE description concerns a different behavior or consequence and does not describe using externally accessible remote services.,high,False,CVE description and ATT&CK technique definition only,test,source_train,6.875,0.145454545455
LSA-712D4DCC7AE2,CVE_2021_22205,An issue has been discovered in GitLab CE/EE affecting all versions starting from 11.9. GitLab was not properly validating image files that were passed to a file parser which resulted in a remote command execution.,T1133,External Remote Services,"Adversaries may leverage external-facing remote services to initially access and/or persist within a network. Remote services such as VPNs, Citrix, and other access mechanisms allow users to connect to internal enterprise network resources from external locations. There are often remote service gateways that manage connections and credential authentication for these services. Services such as Windows Remote Management and VNC can also be used externally. Access to Valid Accounts to use the service is often a requirement, which could be obtained through credential pharming or by obtaining the credentials from users after compromising the enterprise network. Access to remote services may be used as a redundant or persistent access mechanism during an operation. Access may also be gained through an exposed service that doesn’t require authentication. In containerized environments, this may include an exposed Docker API, Kubernetes API server, kubelet, or web application such as the Kubernetes dashboard. Adversaries may also establish persistence on network by configuring a Tor hidden service on a compromised system. Adversaries may utilize the tool `ShadowLink` to facilitate the installation and configuration of the Tor hidden service. Tor hidden service is then accessible via the Tor network because `ShadowLink` sets up a .onion address on the compromised system. `ShadowLink` may be used to forward any inbound connections to RDP, allowing the adversaries to have remote access. Adversaries may get `ShadowLink` to persist on a system by masquerading it as an MS Defender application.",unsupported,GitLab was not properly validating image files that were passed to a file parser which resulted in a remote command execution.,The CVE description concerns a different behavior or consequence and does not describe using externally accessible remote services.,high,False,CVE description and ATT&CK technique definition only,test,source_train,6.875,0.145454545455
LSA-E5B3B2276D4B,CVE_2020_15001,"An information leak was discovered on Yubico YubiKey 5 NFC devices 5.0.0 to 5.2.6 and 5.3.0 to 5.3.1. The OTP application allows a user to set optional access codes on OTP slots. This access code is intended to prevent unauthorized changes to OTP configurations. The access code is not checked when updating NFC specific components of the OTP configurations. This may allow an attacker to access configured OTPs and passwords stored in slots that were not configured by the user to be read over NFC, despite a user having set an access code. (Users who have not set an access code, or who have not configured the OTP slots, are not impacted by this issue.)",T1134,Access Token Manipulation,"Adversaries may modify access tokens to operate under a different user or system security context to perform actions and bypass access controls. Windows uses access tokens to determine the ownership of a running process. A user can manipulate access tokens to make a running process appear as though it is the child of a different process or belongs to someone other than the user that started the process. When this occurs, the process also takes on the security context associated with the new token. An adversary can use built-in Windows API functions to copy access tokens from existing processes; this is known as token stealing. These token can then be applied to an existing process (i.e. Token Impersonation/Theft) or used to spawn a new process (i.e. Create Process with Token). An adversary must already be in a privileged user context (i.e. administrator) to steal a token. However, adversaries commonly use token stealing to elevate their security context from the administrator level to the SYSTEM level. An adversary can then use a token to authenticate to a remote system as the account for that token if the account has appropriate permissions on the remote system. Any standard user can use the runas command, and the Windows API functions, to create impersonation tokens; it does not require access to an administrator account. There are also other mechanisms, such as Active Directory fields, that can be used to modify access tokens.",unsupported,"This may allow an attacker to access configured OTPs and passwords stored in slots that were not configured by the user to be read over NFC, despite a user having set an access code.",The CVE description concerns a different behavior or consequence and does not describe stealing or manipulating access tokens.,high,False,CVE description and ATT&CK technique definition only,test,source_train,2.75,0.363636363636
LSA-FD388E6FB038,CVE_2021_21551,"Dell dbutil_2_3.sys driver contains an insufficient access control vulnerability which may lead to escalation of privileges, denial of service, or information disclosure. Local authenticated user access is required.",T1134,Access Token Manipulation,"Adversaries may modify access tokens to operate under a different user or system security context to perform actions and bypass access controls. Windows uses access tokens to determine the ownership of a running process. A user can manipulate access tokens to make a running process appear as though it is the child of a different process or belongs to someone other than the user that started the process. When this occurs, the process also takes on the security context associated with the new token. An adversary can use built-in Windows API functions to copy access tokens from existing processes; this is known as token stealing. These token can then be applied to an existing process (i.e. Token Impersonation/Theft) or used to spawn a new process (i.e. Create Process with Token). An adversary must already be in a privileged user context (i.e. administrator) to steal a token. However, adversaries commonly use token stealing to elevate their security context from the administrator level to the SYSTEM level. An adversary can then use a token to authenticate to a remote system as the account for that token if the account has appropriate permissions on the remote system. Any standard user can use the runas command, and the Windows API functions, to create impersonation tokens; it does not require access to an administrator account. There are also other mechanisms, such as Active Directory fields, that can be used to modify access tokens.",unsupported,"Dell dbutil_2_3.sys driver contains an insufficient access control vulnerability which may lead to escalation of privileges, denial of service, or information disclosure.",The CVE description concerns a different behavior or consequence and does not describe stealing or manipulating access tokens.,high,False,CVE description and ATT&CK technique definition only,test,source_train,2.75,0.363636363636
LSA-9C484611B35C,CVE_2021_24085,Microsoft Exchange Server Spoofing Vulnerability This CVE ID is unique from CVE-2021-1730.,T1134,Access Token Manipulation,"Adversaries may modify access tokens to operate under a different user or system security context to perform actions and bypass access controls. Windows uses access tokens to determine the ownership of a running process. A user can manipulate access tokens to make a running process appear as though it is the child of a different process or belongs to someone other than the user that started the process. When this occurs, the process also takes on the security context associated with the new token. An adversary can use built-in Windows API functions to copy access tokens from existing processes; this is known as token stealing. These token can then be applied to an existing process (i.e. Token Impersonation/Theft) or used to spawn a new process (i.e. Create Process with Token). An adversary must already be in a privileged user context (i.e. administrator) to steal a token. However, adversaries commonly use token stealing to elevate their security context from the administrator level to the SYSTEM level. An adversary can then use a token to authenticate to a remote system as the account for that token if the account has appropriate permissions on the remote system. Any standard user can use the runas command, and the Windows API functions, to create impersonation tokens; it does not require access to an administrator account. There are also other mechanisms, such as Active Directory fields, that can be used to modify access tokens.",insufficient_text,Microsoft Exchange Server Spoofing Vulnerability This CVE ID is unique from CVE-2021-1730.,The supplied CVE description is too sparse or underspecified to determine whether it supports stealing or manipulating access tokens.,medium,True,CVE description and ATT&CK technique definition only,test,source_test,2.75,0.363636363636
LSA-35E1EBDAA7E2,CVE_2021_33924,"Confluent Ansible (cp-ansible) version 5.5.0, 5.5.1, 5.5.2 and 6.0.0 is vulnerable to Incorrect Access Control via its auxiliary component that allows remote attackers to access sensitive information.",T1134,Access Token Manipulation,"Adversaries may modify access tokens to operate under a different user or system security context to perform actions and bypass access controls. Windows uses access tokens to determine the ownership of a running process. A user can manipulate access tokens to make a running process appear as though it is the child of a different process or belongs to someone other than the user that started the process. When this occurs, the process also takes on the security context associated with the new token. An adversary can use built-in Windows API functions to copy access tokens from existing processes; this is known as token stealing. These token can then be applied to an existing process (i.e. Token Impersonation/Theft) or used to spawn a new process (i.e. Create Process with Token). An adversary must already be in a privileged user context (i.e. administrator) to steal a token. However, adversaries commonly use token stealing to elevate their security context from the administrator level to the SYSTEM level. An adversary can then use a token to authenticate to a remote system as the account for that token if the account has appropriate permissions on the remote system. Any standard user can use the runas command, and the Windows API functions, to create impersonation tokens; it does not require access to an administrator account. There are also other mechanisms, such as Active Directory fields, that can be used to modify access tokens.",unsupported,"Confluent Ansible (cp-ansible) version 5.5.0, 5.5.1, 5.5.2 and 6.0.0 is vulnerable to Incorrect Access Control via its auxiliary component that allows remote attackers to access sensitive information.",The CVE description concerns a different behavior or consequence and does not describe stealing or manipulating access tokens.,high,False,CVE description and ATT&CK technique definition only,test,source_test,2.75,0.363636363636
LSA-71F032C1FB2C,CVE_2021_35039,"kernel/module.c in the Linux kernel before 5.12.14 mishandles Signature Verification, aka CID-0c18f29aae7c. Without CONFIG_MODULE_SIG, verification that a kernel module is signed, for loading via init_module, does not occur for a module.sig_enforce=1 command-line argument.",T1134,Access Token Manipulation,"Adversaries may modify access tokens to operate under a different user or system security context to perform actions and bypass access controls. Windows uses access tokens to determine the ownership of a running process. A user can manipulate access tokens to make a running process appear as though it is the child of a different process or belongs to someone other than the user that started the process. When this occurs, the process also takes on the security context associated with the new token. An adversary can use built-in Windows API functions to copy access tokens from existing processes; this is known as token stealing. These token can then be applied to an existing process (i.e. Token Impersonation/Theft) or used to spawn a new process (i.e. Create Process with Token). An adversary must already be in a privileged user context (i.e. administrator) to steal a token. However, adversaries commonly use token stealing to elevate their security context from the administrator level to the SYSTEM level. An adversary can then use a token to authenticate to a remote system as the account for that token if the account has appropriate permissions on the remote system. Any standard user can use the runas command, and the Windows API functions, to create impersonation tokens; it does not require access to an administrator account. There are also other mechanisms, such as Active Directory fields, that can be used to modify access tokens.",unsupported,"Without CONFIG_MODULE_SIG, verification that a kernel module is signed, for loading via init_module, does not occur for a module.sig_enforce=1 command-line argument.",The CVE description concerns a different behavior or consequence and does not describe stealing or manipulating access tokens.,high,False,CVE description and ATT&CK technique definition only,test,source_train,2.75,0.363636363636
LSA-8C8478239CAA,CVE_2021_35342,"The useradm service 1.14.0 (in Northern.tech Mender Enterprise 2.7.x before 2.7.1) and 1.13.0 (in Northern.tech Mender Enterprise 2.6.x before 2.6.1) allows users to access the system with their JWT token after logout, because of missing invalidation (if the JWT verification cache is enabled).",T1134,Access Token Manipulation,"Adversaries may modify access tokens to operate under a different user or system security context to perform actions and bypass access controls. Windows uses access tokens to determine the ownership of a running process. A user can manipulate access tokens to make a running process appear as though it is the child of a different process or belongs to someone other than the user that started the process. When this occurs, the process also takes on the security context associated with the new token. An adversary can use built-in Windows API functions to copy access tokens from existing processes; this is known as token stealing. These token can then be applied to an existing process (i.e. Token Impersonation/Theft) or used to spawn a new process (i.e. Create Process with Token). An adversary must already be in a privileged user context (i.e. administrator) to steal a token. However, adversaries commonly use token stealing to elevate their security context from the administrator level to the SYSTEM level. An adversary can then use a token to authenticate to a remote system as the account for that token if the account has appropriate permissions on the remote system. Any standard user can use the runas command, and the Windows API functions, to create impersonation tokens; it does not require access to an administrator account. There are also other mechanisms, such as Active Directory fields, that can be used to modify access tokens.",inferential_or_plausible,"The useradm service 1.14.0 (in Northern.tech Mender Enterprise 2.7.x before 2.7.1) and 1.13.0 (in Northern.tech Mender Enterprise 2.6.x before 2.6.1) allows users to access the system with their JWT token after logout, because of missing invalidation (if the JWT verification cache is enabled).","The vulnerability could enable stealing or manipulating access tokens, but the CVE text does not explicitly establish every element of the ATT&CK technique.",medium,False,CVE description and ATT&CK technique definition only,test,source_train,2.75,0.363636363636
LSA-FEDB22097D6B,CVE_2022_22114,"In Teedy, versions v1.5 through v1.9 are vulnerable to Reflected Cross-Site Scripting (XSS). The “search term"" search functionality is not sufficiently sanitized while displaying the results of the search, which can be leveraged to inject arbitrary scripts. These scripts are executed in a victim’s browser when they enter the crafted URL. In the worst case, the victim who inadvertently triggers the attack is a highly privileged administrator. The injected scripts can extract the Session ID, which can lead to full Account Takeover of the administrator, by an unauthenticated attacker.",T1134,Access Token Manipulation,"Adversaries may modify access tokens to operate under a different user or system security context to perform actions and bypass access controls. Windows uses access tokens to determine the ownership of a running process. A user can manipulate access tokens to make a running process appear as though it is the child of a different process or belongs to someone other than the user that started the process. When this occurs, the process also takes on the security context associated with the new token. An adversary can use built-in Windows API functions to copy access tokens from existing processes; this is known as token stealing. These token can then be applied to an existing process (i.e. Token Impersonation/Theft) or used to spawn a new process (i.e. Create Process with Token). An adversary must already be in a privileged user context (i.e. administrator) to steal a token. However, adversaries commonly use token stealing to elevate their security context from the administrator level to the SYSTEM level. An adversary can then use a token to authenticate to a remote system as the account for that token if the account has appropriate permissions on the remote system. Any standard user can use the runas command, and the Windows API functions, to create impersonation tokens; it does not require access to an administrator account. There are also other mechanisms, such as Active Directory fields, that can be used to modify access tokens.",inferential_or_plausible,"The “search term"" search functionality is not sufficiently sanitized while displaying the results of the search, which can be leveraged to inject arbitrary scripts.","The vulnerability could enable stealing or manipulating access tokens, but the CVE text does not explicitly establish every element of the ATT&CK technique.",medium,False,CVE description and ATT&CK technique definition only,test,source_train,2.75,0.363636363636
LSA-C97A500275AE,CVE_2022_23346,BigAnt Software BigAnt Server v5.6.06 was discovered to contain incorrect access control issues.,T1134,Access Token Manipulation,"Adversaries may modify access tokens to operate under a different user or system security context to perform actions and bypass access controls. Windows uses access tokens to determine the ownership of a running process. A user can manipulate access tokens to make a running process appear as though it is the child of a different process or belongs to someone other than the user that started the process. When this occurs, the process also takes on the security context associated with the new token. An adversary can use built-in Windows API functions to copy access tokens from existing processes; this is known as token stealing. These token can then be applied to an existing process (i.e. Token Impersonation/Theft) or used to spawn a new process (i.e. Create Process with Token). An adversary must already be in a privileged user context (i.e. administrator) to steal a token. However, adversaries commonly use token stealing to elevate their security context from the administrator level to the SYSTEM level. An adversary can then use a token to authenticate to a remote system as the account for that token if the account has appropriate permissions on the remote system. Any standard user can use the runas command, and the Windows API functions, to create impersonation tokens; it does not require access to an administrator account. There are also other mechanisms, such as Active Directory fields, that can be used to modify access tokens.",insufficient_text,BigAnt Software BigAnt Server v5.6.06 was discovered to contain incorrect access control issues.,The supplied CVE description is too sparse or underspecified to determine whether it supports stealing or manipulating access tokens.,medium,True,CVE description and ATT&CK technique definition only,test,source_train,2.75,0.363636363636
LSA-1681A0D1A880,CVE_2015_4051,"Beckhoff IPC Diagnostics before 1.8 does not properly restrict access to functions in /config, which allows remote attackers to cause a denial of service (reboot or shutdown), create arbitrary users, or possibly have unspecified other impact via a crafted request, as demonstrated by a beckhoff.com:service:cxconfig:1#Write SOAP action to /upnpisapi.",T1136,Create Account,"Adversaries may create an account to maintain access to victim systems. With a sufficient level of access, creating such accounts may be used to establish secondary credentialed access that do not require persistent remote access tools to be deployed on the system. Accounts may be created on the local system or within a domain or cloud tenant. In cloud environments, adversaries may create accounts that only have access to specific services, which can reduce the chance of detection.",directly_supported,"Beckhoff IPC Diagnostics before 1.8 does not properly restrict access to functions in /config, which allows remote attackers to cause a denial of service (reboot or shutdown), create arbitrary users, or possibly have unspecified other impact via a crafted request, as demonstrated by a beckhoff.com:service:cxconfig:1#Write SOAP action to /",The CVE description explicitly describes creating an account; the central behavior is stated rather than inferred.,high,False,CVE description and ATT&CK technique definition only,test,source_test,2.875,0.347826086957
LSA-3CC4B93D80F7,CVE_2018_8575,"A remote code execution vulnerability exists in Microsoft Project software when it fails to properly handle objects in memory, aka ""Microsoft Project Remote Code Execution Vulnerability."" This affects Microsoft Project, Office 365 ProPlus, Microsoft Project Server.",T1136,Create Account,"Adversaries may create an account to maintain access to victim systems. With a sufficient level of access, creating such accounts may be used to establish secondary credentialed access that do not require persistent remote access tools to be deployed on the system. Accounts may be created on the local system or within a domain or cloud tenant. In cloud environments, adversaries may create accounts that only have access to specific services, which can reduce the chance of detection.",unsupported,"A remote code execution vulnerability exists in Microsoft Project software when it fails to properly handle objects in memory, aka ""Microsoft Project Remote Code Execution Vulnerability."" This affects Microsoft Project, Office 365 ProPlus, Microsoft Project Server.",The CVE description concerns a different behavior or consequence and does not describe creating an account.,high,False,CVE description and ATT&CK technique definition only,development,source_train,2.875,0.347826086957
LSA-7D664653211C,CVE_2019_1118,"A remote code execution vulnerability exists in the way that DirectWrite handles objects in memory, aka 'DirectWrite Remote Code Execution Vulnerability'. This CVE ID is unique from CVE-2019-1117, CVE-2019-1119, CVE-2019-1120, CVE-2019-1121, CVE-2019-1122, CVE-2019-1123, CVE-2019-1124, CVE-2019-1127, CVE-2019-1128.",T1136,Create Account,"Adversaries may create an account to maintain access to victim systems. With a sufficient level of access, creating such accounts may be used to establish secondary credentialed access that do not require persistent remote access tools to be deployed on the system. Accounts may be created on the local system or within a domain or cloud tenant. In cloud environments, adversaries may create accounts that only have access to specific services, which can reduce the chance of detection.",unsupported,"This CVE ID is unique from CVE-2019-1117, CVE-2019-1119, CVE-2019-1120, CVE-2019-1121, CVE-2019-1122, CVE-2019-1123, CVE-2019-1124, CVE-2019-1127, CVE-2019-1128.",The CVE description concerns a different behavior or consequence and does not describe creating an account.,high,False,CVE description and ATT&CK technique definition only,test,source_train,2.875,0.347826086957
LSA-39F4677C1712,CVE_2019_3758,"RSA Archer, versions prior to 6.6 P2 (6.6.0.2), contain an improper authentication vulnerability. The vulnerability allows sysadmins to create user accounts with insufficient credentials. Unauthenticated attackers could gain unauthorized access to the system using those accounts.",T1136,Create Account,"Adversaries may create an account to maintain access to victim systems. With a sufficient level of access, creating such accounts may be used to establish secondary credentialed access that do not require persistent remote access tools to be deployed on the system. Accounts may be created on the local system or within a domain or cloud tenant. In cloud environments, adversaries may create accounts that only have access to specific services, which can reduce the chance of detection.",directly_supported,"RSA Archer, versions prior to 6.6 P2 (6.6.0.2), contain an improper authentication vulnerability.",The CVE description explicitly describes creating an account; the central behavior is stated rather than inferred.,high,False,CVE description and ATT&CK technique definition only,test,source_test,2.875,0.347826086957
LSA-5FAB9998652B,CVE_2019_3798,"Cloud Foundry Cloud Controller API Release, versions prior to 1.79.0, contains improper authentication when validating user permissions. A remote authenticated malicious user with the ability to create UAA clients and knowledge of the email of a victim in the foundation may escalate their privileges to that of the victim by creating a client with a name equal to the guid of their victim.",T1136,Create Account,"Adversaries may create an account to maintain access to victim systems. With a sufficient level of access, creating such accounts may be used to establish secondary credentialed access that do not require persistent remote access tools to be deployed on the system. Accounts may be created on the local system or within a domain or cloud tenant. In cloud environments, adversaries may create accounts that only have access to specific services, which can reduce the chance of detection.",inferential_or_plausible,A remote authenticated malicious user with the ability to create UAA clients and knowledge of the email of a victim in the foundation may escalate their privileges to that of the victim by creating a client with a name equal to the guid of their victim.,"The vulnerability could enable creating an account, but the CVE text does not explicitly establish every element of the ATT&CK technique.",medium,False,CVE description and ATT&CK technique definition only,test,source_test,2.875,0.347826086957
LSA-5E5EAEB33D1B,CVE_2020_1109,"An elevation of privilege vulnerability exists when the Windows Update Stack fails to properly handle objects in memory, aka 'Windows Update Stack Elevation of Privilege Vulnerability'. This CVE ID is unique from CVE-2020-1110.",T1136,Create Account,"Adversaries may create an account to maintain access to victim systems. With a sufficient level of access, creating such accounts may be used to establish secondary credentialed access that do not require persistent remote access tools to be deployed on the system. Accounts may be created on the local system or within a domain or cloud tenant. In cloud environments, adversaries may create accounts that only have access to specific services, which can reduce the chance of detection.",unsupported,"An elevation of privilege vulnerability exists when the Windows Update Stack fails to properly handle objects in memory, aka 'Windows Update Stack Elevation of Privilege Vulnerability'.",The CVE description concerns a different behavior or consequence and does not describe creating an account.,high,False,CVE description and ATT&CK technique definition only,development,source_train,2.875,0.347826086957
LSA-0E30132BF929,CVE_2020_1495,"A remote code execution vulnerability exists in Microsoft Excel software when the software fails to properly handle objects in memory, aka 'Microsoft Excel Remote Code Execution Vulnerability'. This CVE ID is unique from CVE-2020-1494, CVE-2020-1496, CVE-2020-1498, CVE-2020-1504.",T1136,Create Account,"Adversaries may create an account to maintain access to victim systems. With a sufficient level of access, creating such accounts may be used to establish secondary credentialed access that do not require persistent remote access tools to be deployed on the system. Accounts may be created on the local system or within a domain or cloud tenant. In cloud environments, adversaries may create accounts that only have access to specific services, which can reduce the chance of detection.",unsupported,"A remote code execution vulnerability exists in Microsoft Excel software when the software fails to properly handle objects in memory, aka 'Microsoft Excel Remote Code Execution Vulnerability'.",The CVE description concerns a different behavior or consequence and does not describe creating an account.,high,False,CVE description and ATT&CK technique definition only,test,source_train,2.875,0.347826086957
LSA-5B279106820F,CVE_2020_1569,"A remote code execution vulnerability exists when Microsoft Edge improperly accesses objects in memory, aka 'Microsoft Edge Memory Corruption Vulnerability'.",T1136,Create Account,"Adversaries may create an account to maintain access to victim systems. With a sufficient level of access, creating such accounts may be used to establish secondary credentialed access that do not require persistent remote access tools to be deployed on the system. Accounts may be created on the local system or within a domain or cloud tenant. In cloud environments, adversaries may create accounts that only have access to specific services, which can reduce the chance of detection.",unsupported,"A remote code execution vulnerability exists when Microsoft Edge improperly accesses objects in memory, aka 'Microsoft Edge Memory Corruption Vulnerability'.",The CVE description concerns a different behavior or consequence and does not describe creating an account.,high,False,CVE description and ATT&CK technique definition only,test,source_train,2.875,0.347826086957
LSA-EB8B55CC8CE4,CVE_2019_13538,"3S-Smart Software Solutions GmbH CODESYS V3 Library Manager, all versions prior to 3.5.16.0, allows the system to display active library content without checking its validity, which may allow the contents of manipulated libraries to be displayed or executed. The issue also exists for source libraries, but 3S-Smart Software Solutions GmbH strongly recommends distributing compiled libraries only.",T1185,Browser Session Hijacking,"Adversaries may take advantage of security vulnerabilities and inherent functionality in browser software to change content, modify user-behaviors, and intercept information as part of various browser session hijacking techniques. A specific example is when an adversary injects software into a browser that allows them to inherit cookies, HTTP sessions, and SSL client certificates of a user then use the browser as a way to pivot into an authenticated intranet. Executing browser-based behaviors such as pivoting may require specific process permissions, such as SeDebugPrivilege and/or high-integrity/administrator rights. Another example involves pivoting browser traffic from the adversary's browser through the user's browser by setting up a proxy which will redirect web traffic. This does not alter the user's traffic in any way, and the proxy connection can be severed as soon as the browser is closed. The adversary assumes the security context of whichever browser process the proxy is injected into. Browsers typically create a new process for each tab that is opened and permissions and certificates are separated accordingly. With these permissions, an adversary could potentially browse to any resource on an intranet, such as Sharepoint or webmail, that is accessible through the browser and which the browser has sufficient permissions. Browser pivoting may also bypass security provided by 2-factor authentication.",unsupported,"3S-Smart Software Solutions GmbH CODESYS V3 Library Manager, all versions prior to 3.5.16.0, allows the system to display active library content without checking its validity, which may allow the contents of manipulated libraries to be displayed or executed.",The CVE description concerns a different behavior or consequence and does not describe hijacking an authenticated browser session.,high,False,CVE description and ATT&CK technique definition only,development,source_train,6.625,0.150943396226
LSA-C0BF64165704,CVE_2019_18571,"The RSA Identity Governance and Lifecycle and RSA Via Lifecycle and Governance products prior to 7.1.1 P03 contain a reflected cross-site scripting vulnerability in the My Access Live module [MAL]. An authenticated malicious local user could potentially exploit this vulnerability by sending crafted URL with scripts. When victim users access the module through their browsers, the malicious code gets injected and executed by the web browser in the context of the vulnerable web application.",T1185,Browser Session Hijacking,"Adversaries may take advantage of security vulnerabilities and inherent functionality in browser software to change content, modify user-behaviors, and intercept information as part of various browser session hijacking techniques. A specific example is when an adversary injects software into a browser that allows them to inherit cookies, HTTP sessions, and SSL client certificates of a user then use the browser as a way to pivot into an authenticated intranet. Executing browser-based behaviors such as pivoting may require specific process permissions, such as SeDebugPrivilege and/or high-integrity/administrator rights. Another example involves pivoting browser traffic from the adversary's browser through the user's browser by setting up a proxy which will redirect web traffic. This does not alter the user's traffic in any way, and the proxy connection can be severed as soon as the browser is closed. The adversary assumes the security context of whichever browser process the proxy is injected into. Browsers typically create a new process for each tab that is opened and permissions and certificates are separated accordingly. With these permissions, an adversary could potentially browse to any resource on an intranet, such as Sharepoint or webmail, that is accessible through the browser and which the browser has sufficient permissions. Browser pivoting may also bypass security provided by 2-factor authentication.",inferential_or_plausible,The RSA Identity Governance and Lifecycle and RSA Via Lifecycle and Governance products prior to 7.1.1 P03 contain a reflected cross-site scripting vulnerability in the My Access Live module [MAL].,"The vulnerability could enable hijacking an authenticated browser session, but the CVE text does not explicitly establish every element of the ATT&CK technique.",medium,False,CVE description and ATT&CK technique definition only,test,source_train,6.625,0.150943396226
LSA-C75240607740,CVE_2019_5647,"The Chrome Plugin for Rapid7 AppSpider can incorrectly keep browser sessions active after recording a macro, even after a restart of the Chrome browser. This behavior could make future session hijacking attempts easier, since the user could believe a session was closed when it was not. This issue affects Rapid7 AppSpider version 3.8.213 and prior versions, and is fixed in version 3.8.215.",T1185,Browser Session Hijacking,"Adversaries may take advantage of security vulnerabilities and inherent functionality in browser software to change content, modify user-behaviors, and intercept information as part of various browser session hijacking techniques. A specific example is when an adversary injects software into a browser that allows them to inherit cookies, HTTP sessions, and SSL client certificates of a user then use the browser as a way to pivot into an authenticated intranet. Executing browser-based behaviors such as pivoting may require specific process permissions, such as SeDebugPrivilege and/or high-integrity/administrator rights. Another example involves pivoting browser traffic from the adversary's browser through the user's browser by setting up a proxy which will redirect web traffic. This does not alter the user's traffic in any way, and the proxy connection can be severed as soon as the browser is closed. The adversary assumes the security context of whichever browser process the proxy is injected into. Browsers typically create a new process for each tab that is opened and permissions and certificates are separated accordingly. With these permissions, an adversary could potentially browse to any resource on an intranet, such as Sharepoint or webmail, that is accessible through the browser and which the browser has sufficient permissions. Browser pivoting may also bypass security provided by 2-factor authentication.",directly_supported,"The Chrome Plugin for Rapid7 AppSpider can incorrectly keep browser sessions active after recording a macro, even after a restart of the Chrome browser.",The CVE description explicitly describes hijacking an authenticated browser session; the central behavior is stated rather than inferred.,high,False,CVE description and ATT&CK technique definition only,development,source_train,6.625,0.150943396226
LSA-4862026F0547,CVE_2020_10775,"An Open redirect vulnerability was found in ovirt-engine versions 4.4 and earlier, where it allows remote attackers to redirect users to arbitrary web sites and attempt phishing attacks. Once the target has opened the malicious URL in their browser, the critical part of the URL is no longer visible. The highest threat from this vulnerability is on confidentiality.",T1185,Browser Session Hijacking,"Adversaries may take advantage of security vulnerabilities and inherent functionality in browser software to change content, modify user-behaviors, and intercept information as part of various browser session hijacking techniques. A specific example is when an adversary injects software into a browser that allows them to inherit cookies, HTTP sessions, and SSL client certificates of a user then use the browser as a way to pivot into an authenticated intranet. Executing browser-based behaviors such as pivoting may require specific process permissions, such as SeDebugPrivilege and/or high-integrity/administrator rights. Another example involves pivoting browser traffic from the adversary's browser through the user's browser by setting up a proxy which will redirect web traffic. This does not alter the user's traffic in any way, and the proxy connection can be severed as soon as the browser is closed. The adversary assumes the security context of whichever browser process the proxy is injected into. Browsers typically create a new process for each tab that is opened and permissions and certificates are separated accordingly. With these permissions, an adversary could potentially browse to any resource on an intranet, such as Sharepoint or webmail, that is accessible through the browser and which the browser has sufficient permissions. Browser pivoting may also bypass security provided by 2-factor authentication.",unsupported,"An Open redirect vulnerability was found in ovirt-engine versions 4.4 and earlier, where it allows remote attackers to redirect users to arbitrary web sites and attempt phishing attacks.",The CVE description concerns a different behavior or consequence and does not describe hijacking an authenticated browser session.,high,False,CVE description and ATT&CK technique definition only,test,source_train,6.625,0.150943396226
LSA-3973455D0F3E,CVE_2020_14368,"A flaw was found in Eclipse Che in versions prior to 7.14.0 that impacts CodeReady Workspaces. When configured with cookies authentication, Theia IDE doesn't properly set the SameSite value, allowing a Cross-Site Request Forgery (CSRF) and consequently allowing a cross-site WebSocket hijack on Theia IDE. This flaw allows an attacker to gain full access to the victim's workspace through the /services endpoint. To perform a successful attack, the attacker conducts a Man-in-the-middle attack (MITM) and tricks the victim into executing a request via an untrusted link, which performs the CSRF and the Socket hijack. The highest threat from this vulnerability is to confidentiality, integrity, as well as system availability.",T1185,Browser Session Hijacking,"Adversaries may take advantage of security vulnerabilities and inherent functionality in browser software to change content, modify user-behaviors, and intercept information as part of various browser session hijacking techniques. A specific example is when an adversary injects software into a browser that allows them to inherit cookies, HTTP sessions, and SSL client certificates of a user then use the browser as a way to pivot into an authenticated intranet. Executing browser-based behaviors such as pivoting may require specific process permissions, such as SeDebugPrivilege and/or high-integrity/administrator rights. Another example involves pivoting browser traffic from the adversary's browser through the user's browser by setting up a proxy which will redirect web traffic. This does not alter the user's traffic in any way, and the proxy connection can be severed as soon as the browser is closed. The adversary assumes the security context of whichever browser process the proxy is injected into. Browsers typically create a new process for each tab that is opened and permissions and certificates are separated accordingly. With these permissions, an adversary could potentially browse to any resource on an intranet, such as Sharepoint or webmail, that is accessible through the browser and which the browser has sufficient permissions. Browser pivoting may also bypass security provided by 2-factor authentication.",directly_supported,"When configured with cookies authentication, Theia IDE doesn't properly set the SameSite value, allowing a Cross-Site Request Forgery (CSRF) and consequently allowing a cross-site WebSocket hijack on Theia IDE.",The CVE description explicitly describes hijacking an authenticated browser session; the central behavior is stated rather than inferred.,high,False,CVE description and ATT&CK technique definition only,test,source_train,6.625,0.150943396226
LSA-AADD3CB327B8,CVE_2020_1741,"A flaw was found in openshift-ansible. OpenShift Container Platform (OCP) 3.11 is too permissive in the way it specified CORS allowed origins during installation. An attacker, able to man-in-the-middle the connection between the user's browser and the openshift console, could use this flaw to perform a phishing attack. The main threat from this vulnerability is data confidentiality.",T1185,Browser Session Hijacking,"Adversaries may take advantage of security vulnerabilities and inherent functionality in browser software to change content, modify user-behaviors, and intercept information as part of various browser session hijacking techniques. A specific example is when an adversary injects software into a browser that allows them to inherit cookies, HTTP sessions, and SSL client certificates of a user then use the browser as a way to pivot into an authenticated intranet. Executing browser-based behaviors such as pivoting may require specific process permissions, such as SeDebugPrivilege and/or high-integrity/administrator rights. Another example involves pivoting browser traffic from the adversary's browser through the user's browser by setting up a proxy which will redirect web traffic. This does not alter the user's traffic in any way, and the proxy connection can be severed as soon as the browser is closed. The adversary assumes the security context of whichever browser process the proxy is injected into. Browsers typically create a new process for each tab that is opened and permissions and certificates are separated accordingly. With these permissions, an adversary could potentially browse to any resource on an intranet, such as Sharepoint or webmail, that is accessible through the browser and which the browser has sufficient permissions. Browser pivoting may also bypass security provided by 2-factor authentication.",unsupported,"An attacker, able to man-in-the-middle the connection between the user's browser and the openshift console, could use this flaw to perform a phishing attack.",The CVE description concerns a different behavior or consequence and does not describe hijacking an authenticated browser session.,high,False,CVE description and ATT&CK technique definition only,test,source_train,6.625,0.150943396226
LSA-38EEECA9A322,CVE_2020_35584,"In Solstice Pod before 3.0.3, the web services allow users to connect to them over unencrypted channels via the Browser Look-in feature. An attacker suitably positioned to view a legitimate user's network traffic could record and monitor their interactions with the web services and obtain any information the user supplies, including Administrator passwords and screen keys.",T1185,Browser Session Hijacking,"Adversaries may take advantage of security vulnerabilities and inherent functionality in browser software to change content, modify user-behaviors, and intercept information as part of various browser session hijacking techniques. A specific example is when an adversary injects software into a browser that allows them to inherit cookies, HTTP sessions, and SSL client certificates of a user then use the browser as a way to pivot into an authenticated intranet. Executing browser-based behaviors such as pivoting may require specific process permissions, such as SeDebugPrivilege and/or high-integrity/administrator rights. Another example involves pivoting browser traffic from the adversary's browser through the user's browser by setting up a proxy which will redirect web traffic. This does not alter the user's traffic in any way, and the proxy connection can be severed as soon as the browser is closed. The adversary assumes the security context of whichever browser process the proxy is injected into. Browsers typically create a new process for each tab that is opened and permissions and certificates are separated accordingly. With these permissions, an adversary could potentially browse to any resource on an intranet, such as Sharepoint or webmail, that is accessible through the browser and which the browser has sufficient permissions. Browser pivoting may also bypass security provided by 2-factor authentication.",inferential_or_plausible,"An attacker suitably positioned to view a legitimate user's network traffic could record and monitor their interactions with the web services and obtain any information the user supplies, including Administrator passwords and screen keys.","The vulnerability could enable hijacking an authenticated browser session, but the CVE text does not explicitly establish every element of the ATT&CK technique.",low,True,CVE description and ATT&CK technique definition only,test,source_train,6.625,0.150943396226
LSA-2072DDF83218,CVE_2022_0220,"The check_privacy_settings AJAX action of the WordPress GDPR WordPress plugin before 1.9.27, available to both unauthenticated and authenticated users, responds with JSON data without an ""application/json"" content-type. Since an HTML payload isn't properly escaped, it may be interpreted by a web browser led to this endpoint. Javascript code may be executed on a victim's browser. Due to v1.9.26 adding a CSRF check, the XSS is only exploitable against unauthenticated users (as they all share the same nonce)",T1185,Browser Session Hijacking,"Adversaries may take advantage of security vulnerabilities and inherent functionality in browser software to change content, modify user-behaviors, and intercept information as part of various browser session hijacking techniques. A specific example is when an adversary injects software into a browser that allows them to inherit cookies, HTTP sessions, and SSL client certificates of a user then use the browser as a way to pivot into an authenticated intranet. Executing browser-based behaviors such as pivoting may require specific process permissions, such as SeDebugPrivilege and/or high-integrity/administrator rights. Another example involves pivoting browser traffic from the adversary's browser through the user's browser by setting up a proxy which will redirect web traffic. This does not alter the user's traffic in any way, and the proxy connection can be severed as soon as the browser is closed. The adversary assumes the security context of whichever browser process the proxy is injected into. Browsers typically create a new process for each tab that is opened and permissions and certificates are separated accordingly. With these permissions, an adversary could potentially browse to any resource on an intranet, such as Sharepoint or webmail, that is accessible through the browser and which the browser has sufficient permissions. Browser pivoting may also bypass security provided by 2-factor authentication.",inferential_or_plausible,"The check_privacy_settings AJAX action of the WordPress GDPR WordPress plugin before 1.9.27, available to both unauthenticated and authenticated users, responds with JSON data without an ""application/json"" content-type.","The vulnerability could enable hijacking an authenticated browser session, but the CVE text does not explicitly establish every element of the ATT&CK technique.",medium,False,CVE description and ATT&CK technique definition only,development,source_test,6.625,0.150943396226
LSA-962C5FE226B2,CVE_2013_2465,"Unspecified vulnerability in the Java Runtime Environment (JRE) component in Oracle Java SE 7 Update 21 and earlier, 6 Update 45 and earlier, and 5.0 Update 45 and earlier, and OpenJDK 7, allows remote attackers to affect confidentiality, integrity, and availability via unknown vectors related to 2D. NOTE: the previous information is from the June 2013 CPU. Oracle has not commented on claims from another vendor that this issue allows remote attackers to bypass the Java sandbox via vectors related to ""Incorrect image channel verification"" in 2D.",T1189,Drive-by Compromise,"Adversaries may gain access to a system through a user visiting a website over the normal course of browsing. Multiple ways of delivering exploit code to a browser exist (i.e., Drive-by Target), including: * A legitimate website is compromised, allowing adversaries to inject malicious code * Script files served to a legitimate website from a publicly writeable cloud storage bucket are modified by an adversary * Malicious ads are paid for and served through legitimate ad providers (i.e., Malvertising) * Built-in web application interfaces that allow user-controllable content are leveraged for the insertion of malicious scripts or iFrames (e.g., cross-site scripting) Browser push notifications may also be abused by adversaries and leveraged for malicious code injection via User Execution. By clicking ""allow"" on browser push notifications, users may be granting a website permission to run JavaScript code on their browser. Often the website used by an adversary is one visited by a specific community, such as government, a particular industry, or a particular region, where the goal is to compromise a specific user or set of users based on a shared interest. This kind of targeted campaign is often referred to a strategic web compromise or watering hole attack. There are several known examples of this occurring. Typical drive-by compromise process: 1. A user visits a website that is used to host the adversary controlled content. 2. Scripts automatically execute, typically searching versions of the browser and plugins for a potentially vulnerable version. The user may be required to assist in this process by enabling scripting, notifications, or active website components and ignoring warning dialog boxes. 3. Upon finding a vulnerable version, exploit code is delivered to the browser. 4. If exploitation is successful, the adversary will gain code execution on the user's system unless other protections are in place. In some cases, a second visit to the website after the initial scan is required before exploit code is delivered. Unlike Exploit Public-Facing Application, the focus of this technique is to exploit software on a client endpoint upon visiting a website. This will commonly give an adversary access to systems on the internal network instead of external systems that may be in a DMZ.",insufficient_text,"Unspecified vulnerability in the Java Runtime Environment (JRE) component in Oracle Java SE 7 Update 21 and earlier, 6 Update 45 and earlier, and 5.0 Update 45 and earlier, and OpenJDK 7, allows remote attackers to affect confidentiality, integrity, and availability via unknown vectors related to 2D.",The supplied CVE description is too sparse or underspecified to determine whether it supports compromising a user through browser-delivered content.,medium,True,CVE description and ATT&CK technique definition only,test,source_train,16.75,0.0597014925373
LSA-E421C7A9FC61,CVE_2014_1815,"Microsoft Internet Explorer 6 through 11 allows remote attackers to execute arbitrary code or cause a denial of service (memory corruption) via a crafted web site, as exploited in the wild in May 2014, aka ""Internet Explorer Memory Corruption Vulnerability,"" a different vulnerability than CVE-2014-0310.",T1189,Drive-by Compromise,"Adversaries may gain access to a system through a user visiting a website over the normal course of browsing. Multiple ways of delivering exploit code to a browser exist (i.e., Drive-by Target), including: * A legitimate website is compromised, allowing adversaries to inject malicious code * Script files served to a legitimate website from a publicly writeable cloud storage bucket are modified by an adversary * Malicious ads are paid for and served through legitimate ad providers (i.e., Malvertising) * Built-in web application interfaces that allow user-controllable content are leveraged for the insertion of malicious scripts or iFrames (e.g., cross-site scripting) Browser push notifications may also be abused by adversaries and leveraged for malicious code injection via User Execution. By clicking ""allow"" on browser push notifications, users may be granting a website permission to run JavaScript code on their browser. Often the website used by an adversary is one visited by a specific community, such as government, a particular industry, or a particular region, where the goal is to compromise a specific user or set of users based on a shared interest. This kind of targeted campaign is often referred to a strategic web compromise or watering hole attack. There are several known examples of this occurring. Typical drive-by compromise process: 1. A user visits a website that is used to host the adversary controlled content. 2. Scripts automatically execute, typically searching versions of the browser and plugins for a potentially vulnerable version. The user may be required to assist in this process by enabling scripting, notifications, or active website components and ignoring warning dialog boxes. 3. Upon finding a vulnerable version, exploit code is delivered to the browser. 4. If exploitation is successful, the adversary will gain code execution on the user's system unless other protections are in place. In some cases, a second visit to the website after the initial scan is required before exploit code is delivered. Unlike Exploit Public-Facing Application, the focus of this technique is to exploit software on a client endpoint upon visiting a website. This will commonly give an adversary access to systems on the internal network instead of external systems that may be in a DMZ.",directly_supported,"Microsoft Internet Explorer 6 through 11 allows remote attackers to execute arbitrary code or cause a denial of service (memory corruption) via a crafted web site, as exploited in the wild in May 2014, aka ""Internet Explorer Memory Corruption Vulnerability,"" a different vulnerability than CVE-2014-0310.",The CVE description explicitly describes compromising a user through browser-delivered content; the central behavior is stated rather than inferred.,high,False,CVE description and ATT&CK technique definition only,test,source_test,16.75,0.0597014925373
LSA-A8A7062BDBFC,CVE_2016_3298,"Microsoft Internet Explorer 9 through 11 and the Internet Messaging API in Windows Vista SP2, Windows Server 2008 SP2 and R2 SP1, and Windows 7 SP1 allow remote attackers to determine the existence of arbitrary files via a crafted web site, aka ""Internet Explorer Information Disclosure Vulnerability.""",T1189,Drive-by Compromise,"Adversaries may gain access to a system through a user visiting a website over the normal course of browsing. Multiple ways of delivering exploit code to a browser exist (i.e., Drive-by Target), including: * A legitimate website is compromised, allowing adversaries to inject malicious code * Script files served to a legitimate website from a publicly writeable cloud storage bucket are modified by an adversary * Malicious ads are paid for and served through legitimate ad providers (i.e., Malvertising) * Built-in web application interfaces that allow user-controllable content are leveraged for the insertion of malicious scripts or iFrames (e.g., cross-site scripting) Browser push notifications may also be abused by adversaries and leveraged for malicious code injection via User Execution. By clicking ""allow"" on browser push notifications, users may be granting a website permission to run JavaScript code on their browser. Often the website used by an adversary is one visited by a specific community, such as government, a particular industry, or a particular region, where the goal is to compromise a specific user or set of users based on a shared interest. This kind of targeted campaign is often referred to a strategic web compromise or watering hole attack. There are several known examples of this occurring. Typical drive-by compromise process: 1. A user visits a website that is used to host the adversary controlled content. 2. Scripts automatically execute, typically searching versions of the browser and plugins for a potentially vulnerable version. The user may be required to assist in this process by enabling scripting, notifications, or active website components and ignoring warning dialog boxes. 3. Upon finding a vulnerable version, exploit code is delivered to the browser. 4. If exploitation is successful, the adversary will gain code execution on the user's system unless other protections are in place. In some cases, a second visit to the website after the initial scan is required before exploit code is delivered. Unlike Exploit Public-Facing Application, the focus of this technique is to exploit software on a client endpoint upon visiting a website. This will commonly give an adversary access to systems on the internal network instead of external systems that may be in a DMZ.",directly_supported,"Microsoft Internet Explorer 9 through 11 and the Internet Messaging API in Windows Vista SP2, Windows Server 2008 SP2 and R2 SP1, and Windows 7 SP1 allow remote attackers to determine the existence of arbitrary files via a crafted web site, aka ""Internet Explorer Information Disclosure Vulnerability.""",The CVE description explicitly describes compromising a user through browser-delivered content; the central behavior is stated rather than inferred.,high,False,CVE description and ATT&CK technique definition only,test,source_train,16.75,0.0597014925373
LSA-59B8E4ACEE8B,CVE_2016_3393,"Graphics Device Interface (aka GDI or GDI+) in Microsoft Windows Vista SP2; Windows Server 2008 SP2 and R2 SP1; Windows 7 SP1; Windows 8.1; Windows Server 2012 Gold and R2; Windows RT 8.1; and Windows 10 Gold, 1511, and 1607 allows remote attackers to execute arbitrary code via a crafted web site, aka ""Windows Graphics Component RCE Vulnerability.""",T1189,Drive-by Compromise,"Adversaries may gain access to a system through a user visiting a website over the normal course of browsing. Multiple ways of delivering exploit code to a browser exist (i.e., Drive-by Target), including: * A legitimate website is compromised, allowing adversaries to inject malicious code * Script files served to a legitimate website from a publicly writeable cloud storage bucket are modified by an adversary * Malicious ads are paid for and served through legitimate ad providers (i.e., Malvertising) * Built-in web application interfaces that allow user-controllable content are leveraged for the insertion of malicious scripts or iFrames (e.g., cross-site scripting) Browser push notifications may also be abused by adversaries and leveraged for malicious code injection via User Execution. By clicking ""allow"" on browser push notifications, users may be granting a website permission to run JavaScript code on their browser. Often the website used by an adversary is one visited by a specific community, such as government, a particular industry, or a particular region, where the goal is to compromise a specific user or set of users based on a shared interest. This kind of targeted campaign is often referred to a strategic web compromise or watering hole attack. There are several known examples of this occurring. Typical drive-by compromise process: 1. A user visits a website that is used to host the adversary controlled content. 2. Scripts automatically execute, typically searching versions of the browser and plugins for a potentially vulnerable version. The user may be required to assist in this process by enabling scripting, notifications, or active website components and ignoring warning dialog boxes. 3. Upon finding a vulnerable version, exploit code is delivered to the browser. 4. If exploitation is successful, the adversary will gain code execution on the user's system unless other protections are in place. In some cases, a second visit to the website after the initial scan is required before exploit code is delivered. Unlike Exploit Public-Facing Application, the focus of this technique is to exploit software on a client endpoint upon visiting a website. This will commonly give an adversary access to systems on the internal network instead of external systems that may be in a DMZ.",directly_supported,"Graphics Device Interface (aka GDI or GDI+) in Microsoft Windows Vista SP2; Windows Server 2008 SP2 and R2 SP1; Windows 7 SP1; Windows 8.1; Windows Server 2012 Gold and R2; Windows RT 8.1; and Windows 10 Gold, 1511, and 1607 allows remote attackers to execute arbitrary code via a crafted web site, aka ""Windows Graphics Component RCE Vulne",The CVE description explicitly describes compromising a user through browser-delivered content; the central behavior is stated rather than inferred.,high,False,CVE description and ATT&CK technique definition only,test,source_train,16.75,0.0597014925373
LSA-639FE958D0B3,CVE_2016_4656,The kernel in Apple iOS before 9.3.5 allows attackers to execute arbitrary code in a privileged context or cause a denial of service (memory corruption) via a crafted app.,T1189,Drive-by Compromise,"Adversaries may gain access to a system through a user visiting a website over the normal course of browsing. Multiple ways of delivering exploit code to a browser exist (i.e., Drive-by Target), including: * A legitimate website is compromised, allowing adversaries to inject malicious code * Script files served to a legitimate website from a publicly writeable cloud storage bucket are modified by an adversary * Malicious ads are paid for and served through legitimate ad providers (i.e., Malvertising) * Built-in web application interfaces that allow user-controllable content are leveraged for the insertion of malicious scripts or iFrames (e.g., cross-site scripting) Browser push notifications may also be abused by adversaries and leveraged for malicious code injection via User Execution. By clicking ""allow"" on browser push notifications, users may be granting a website permission to run JavaScript code on their browser. Often the website used by an adversary is one visited by a specific community, such as government, a particular industry, or a particular region, where the goal is to compromise a specific user or set of users based on a shared interest. This kind of targeted campaign is often referred to a strategic web compromise or watering hole attack. There are several known examples of this occurring. Typical drive-by compromise process: 1. A user visits a website that is used to host the adversary controlled content. 2. Scripts automatically execute, typically searching versions of the browser and plugins for a potentially vulnerable version. The user may be required to assist in this process by enabling scripting, notifications, or active website components and ignoring warning dialog boxes. 3. Upon finding a vulnerable version, exploit code is delivered to the browser. 4. If exploitation is successful, the adversary will gain code execution on the user's system unless other protections are in place. In some cases, a second visit to the website after the initial scan is required before exploit code is delivered. Unlike Exploit Public-Facing Application, the focus of this technique is to exploit software on a client endpoint upon visiting a website. This will commonly give an adversary access to systems on the internal network instead of external systems that may be in a DMZ.",unsupported,The kernel in Apple iOS before 9.3.5 allows attackers to execute arbitrary code in a privileged context or cause a denial of service (memory corruption) via a crafted app.,The CVE description concerns a different behavior or consequence and does not describe compromising a user through browser-delivered content.,high,False,CVE description and ATT&CK technique definition only,test,source_train,16.75,0.0597014925373
LSA-C1529E6E6F53,CVE_2016_7189,"The Chakra JavaScript engine in Microsoft Edge allows remote attackers to execute arbitrary code via a crafted web site, aka ""Scripting Engine Remote Code Execution Vulnerability.""",T1189,Drive-by Compromise,"Adversaries may gain access to a system through a user visiting a website over the normal course of browsing. Multiple ways of delivering exploit code to a browser exist (i.e., Drive-by Target), including: * A legitimate website is compromised, allowing adversaries to inject malicious code * Script files served to a legitimate website from a publicly writeable cloud storage bucket are modified by an adversary * Malicious ads are paid for and served through legitimate ad providers (i.e., Malvertising) * Built-in web application interfaces that allow user-controllable content are leveraged for the insertion of malicious scripts or iFrames (e.g., cross-site scripting) Browser push notifications may also be abused by adversaries and leveraged for malicious code injection via User Execution. By clicking ""allow"" on browser push notifications, users may be granting a website permission to run JavaScript code on their browser. Often the website used by an adversary is one visited by a specific community, such as government, a particular industry, or a particular region, where the goal is to compromise a specific user or set of users based on a shared interest. This kind of targeted campaign is often referred to a strategic web compromise or watering hole attack. There are several known examples of this occurring. Typical drive-by compromise process: 1. A user visits a website that is used to host the adversary controlled content. 2. Scripts automatically execute, typically searching versions of the browser and plugins for a potentially vulnerable version. The user may be required to assist in this process by enabling scripting, notifications, or active website components and ignoring warning dialog boxes. 3. Upon finding a vulnerable version, exploit code is delivered to the browser. 4. If exploitation is successful, the adversary will gain code execution on the user's system unless other protections are in place. In some cases, a second visit to the website after the initial scan is required before exploit code is delivered. Unlike Exploit Public-Facing Application, the focus of this technique is to exploit software on a client endpoint upon visiting a website. This will commonly give an adversary access to systems on the internal network instead of external systems that may be in a DMZ.",directly_supported,"The Chakra JavaScript engine in Microsoft Edge allows remote attackers to execute arbitrary code via a crafted web site, aka ""Scripting Engine Remote Code Execution Vulnerability.""",The CVE description explicitly describes compromising a user through browser-delivered content; the central behavior is stated rather than inferred.,high,False,CVE description and ATT&CK technique definition only,test,source_test,16.75,0.0597014925373
LSA-151E1CF485DD,CVE_2019_18578,"Dell EMC XtremIO XMS versions prior to 6.3.0 contain a stored cross-site scripting vulnerability. A low-privileged malicious remote user of XtremIO may exploit this vulnerability to store malicious HTML or JavaScript code in application fields. When victim users access the injected page through their browsers, the malicious code may be executed by the web browser in the context of the vulnerable web application.",T1189,Drive-by Compromise,"Adversaries may gain access to a system through a user visiting a website over the normal course of browsing. Multiple ways of delivering exploit code to a browser exist (i.e., Drive-by Target), including: * A legitimate website is compromised, allowing adversaries to inject malicious code * Script files served to a legitimate website from a publicly writeable cloud storage bucket are modified by an adversary * Malicious ads are paid for and served through legitimate ad providers (i.e., Malvertising) * Built-in web application interfaces that allow user-controllable content are leveraged for the insertion of malicious scripts or iFrames (e.g., cross-site scripting) Browser push notifications may also be abused by adversaries and leveraged for malicious code injection via User Execution. By clicking ""allow"" on browser push notifications, users may be granting a website permission to run JavaScript code on their browser. Often the website used by an adversary is one visited by a specific community, such as government, a particular industry, or a particular region, where the goal is to compromise a specific user or set of users based on a shared interest. This kind of targeted campaign is often referred to a strategic web compromise or watering hole attack. There are several known examples of this occurring. Typical drive-by compromise process: 1. A user visits a website that is used to host the adversary controlled content. 2. Scripts automatically execute, typically searching versions of the browser and plugins for a potentially vulnerable version. The user may be required to assist in this process by enabling scripting, notifications, or active website components and ignoring warning dialog boxes. 3. Upon finding a vulnerable version, exploit code is delivered to the browser. 4. If exploitation is successful, the adversary will gain code execution on the user's system unless other protections are in place. In some cases, a second visit to the website after the initial scan is required before exploit code is delivered. Unlike Exploit Public-Facing Application, the focus of this technique is to exploit software on a client endpoint upon visiting a website. This will commonly give an adversary access to systems on the internal network instead of external systems that may be in a DMZ.",inferential_or_plausible,"When victim users access the injected page through their browsers, the malicious code may be executed by the web browser in the context of the vulnerable web application.","The vulnerability could enable compromising a user through browser-delivered content, but the CVE text does not explicitly establish every element of the ATT&CK technique.",medium,False,CVE description and ATT&CK technique definition only,test,source_train,16.75,0.0597014925373
LSA-73BBC6CE9A8B,CVE_2022_27346,Ecommece-Website v1.1.0 was discovered to contain an arbitrary file upload vulnerability via /admin/index.php?slides. This vulnerability allows attackers to execute arbitrary code via a crafted PHP file.,T1189,Drive-by Compromise,"Adversaries may gain access to a system through a user visiting a website over the normal course of browsing. Multiple ways of delivering exploit code to a browser exist (i.e., Drive-by Target), including: * A legitimate website is compromised, allowing adversaries to inject malicious code * Script files served to a legitimate website from a publicly writeable cloud storage bucket are modified by an adversary * Malicious ads are paid for and served through legitimate ad providers (i.e., Malvertising) * Built-in web application interfaces that allow user-controllable content are leveraged for the insertion of malicious scripts or iFrames (e.g., cross-site scripting) Browser push notifications may also be abused by adversaries and leveraged for malicious code injection via User Execution. By clicking ""allow"" on browser push notifications, users may be granting a website permission to run JavaScript code on their browser. Often the website used by an adversary is one visited by a specific community, such as government, a particular industry, or a particular region, where the goal is to compromise a specific user or set of users based on a shared interest. This kind of targeted campaign is often referred to a strategic web compromise or watering hole attack. There are several known examples of this occurring. Typical drive-by compromise process: 1. A user visits a website that is used to host the adversary controlled content. 2. Scripts automatically execute, typically searching versions of the browser and plugins for a potentially vulnerable version. The user may be required to assist in this process by enabling scripting, notifications, or active website components and ignoring warning dialog boxes. 3. Upon finding a vulnerable version, exploit code is delivered to the browser. 4. If exploitation is successful, the adversary will gain code execution on the user's system unless other protections are in place. In some cases, a second visit to the website after the initial scan is required before exploit code is delivered. Unlike Exploit Public-Facing Application, the focus of this technique is to exploit software on a client endpoint upon visiting a website. This will commonly give an adversary access to systems on the internal network instead of external systems that may be in a DMZ.",unsupported,Ecommece-Website v1.1.0 was discovered to contain an arbitrary file upload vulnerability via /admin/index.php?slides.,The CVE description concerns a different behavior or consequence and does not describe compromising a user through browser-delivered content.,high,False,CVE description and ATT&CK technique definition only,test,source_train,16.75,0.0597014925373
LSA-F472FC9EC176,CVE_2014_0295,"VsaVb7rt.dll in Microsoft .NET Framework 2.0 SP2 and 3.5.1 does not implement the ASLR protection mechanism, which makes it easier for remote attackers to execute arbitrary code via a crafted web site, as exploited in the wild in February 2014, aka ""VSAVB7RT ASLR Vulnerability.""",T1190,Exploit Public-Facing Application,"Adversaries may attempt to exploit a weakness in an Internet-facing host or system to initially access a network. The weakness in the system can be a software bug, a temporary glitch, or a misconfiguration. Exploited applications are often websites/web servers, but can also include databases (like SQL), standard services (like SMB or SSH), network device administration and management protocols (like SNMP and Smart Install), and any other system with Internet-accessible open sockets. On ESXi infrastructure, adversaries may exploit exposed OpenSLP services; they may alternatively exploit exposed VMware vCenter servers. Depending on the flaw being exploited, this may also involve Exploitation for Defense Evasion or Exploitation for Client Execution. If an application is hosted on cloud-based infrastructure and/or is containerized, then exploiting it may lead to compromise of the underlying instance or container. This can allow an adversary a path to access the cloud or container APIs (e.g., via the Cloud Instance Metadata API), exploit container host access via Escape to Host, or take advantage of weak identity and access management policies. Adversaries may also exploit edge network infrastructure and related appliances, specifically targeting devices that do not support robust host-based defenses. For websites and databases, the OWASP top 10 and CWE top 25 highlight the most common web-based vulnerabilities.",unsupported,"VsaVb7rt.dll in Microsoft .NET Framework 2.0 SP2 and 3.5.1 does not implement the ASLR protection mechanism, which makes it easier for remote attackers to execute arbitrary code via a crafted web site, as exploited in the wild in February 2014, aka ""VSAVB7RT ASLR Vulnerability.""",The CVE description concerns a different behavior or consequence and does not describe exploiting an Internet-facing application.,high,False,CVE description and ATT&CK technique definition only,test,source_train,40.125,0.0249221183801
LSA-BEBE3EBBFCF0,CVE_2016_5062,"The web server in Aternity before 9.0.1 does not require authentication for getMBeansFromURL loading of Java MBeans, which allows remote attackers to execute arbitrary Java code by registering MBeans.",T1190,Exploit Public-Facing Application,"Adversaries may attempt to exploit a weakness in an Internet-facing host or system to initially access a network. The weakness in the system can be a software bug, a temporary glitch, or a misconfiguration. Exploited applications are often websites/web servers, but can also include databases (like SQL), standard services (like SMB or SSH), network device administration and management protocols (like SNMP and Smart Install), and any other system with Internet-accessible open sockets. On ESXi infrastructure, adversaries may exploit exposed OpenSLP services; they may alternatively exploit exposed VMware vCenter servers. Depending on the flaw being exploited, this may also involve Exploitation for Defense Evasion or Exploitation for Client Execution. If an application is hosted on cloud-based infrastructure and/or is containerized, then exploiting it may lead to compromise of the underlying instance or container. This can allow an adversary a path to access the cloud or container APIs (e.g., via the Cloud Instance Metadata API), exploit container host access via Escape to Host, or take advantage of weak identity and access management policies. Adversaries may also exploit edge network infrastructure and related appliances, specifically targeting devices that do not support robust host-based defenses. For websites and databases, the OWASP top 10 and CWE top 25 highlight the most common web-based vulnerabilities.",directly_supported,"The web server in Aternity before 9.0.1 does not require authentication for getMBeansFromURL loading of Java MBeans, which allows remote attackers to execute arbitrary Java code by registering MBeans.",The CVE description explicitly describes exploiting an Internet-facing application; the central behavior is stated rather than inferred.,high,False,CVE description and ATT&CK technique definition only,test,source_train,40.125,0.0249221183801
LSA-C34D1284BA38,CVE_2019_15976,"Multiple vulnerabilities in the authentication mechanisms of Cisco Data Center Network Manager (DCNM) could allow an unauthenticated, remote attacker to bypass authentication and execute arbitrary actions with administrative privileges on an affected device. For more information about these vulnerabilities, see the Details section of this advisory.",T1190,Exploit Public-Facing Application,"Adversaries may attempt to exploit a weakness in an Internet-facing host or system to initially access a network. The weakness in the system can be a software bug, a temporary glitch, or a misconfiguration. Exploited applications are often websites/web servers, but can also include databases (like SQL), standard services (like SMB or SSH), network device administration and management protocols (like SNMP and Smart Install), and any other system with Internet-accessible open sockets. On ESXi infrastructure, adversaries may exploit exposed OpenSLP services; they may alternatively exploit exposed VMware vCenter servers. Depending on the flaw being exploited, this may also involve Exploitation for Defense Evasion or Exploitation for Client Execution. If an application is hosted on cloud-based infrastructure and/or is containerized, then exploiting it may lead to compromise of the underlying instance or container. This can allow an adversary a path to access the cloud or container APIs (e.g., via the Cloud Instance Metadata API), exploit container host access via Escape to Host, or take advantage of weak identity and access management policies. Adversaries may also exploit edge network infrastructure and related appliances, specifically targeting devices that do not support robust host-based defenses. For websites and databases, the OWASP top 10 and CWE top 25 highlight the most common web-based vulnerabilities.",directly_supported,"Multiple vulnerabilities in the authentication mechanisms of Cisco Data Center Network Manager (DCNM) could allow an unauthenticated, remote attacker to bypass authentication and execute arbitrary actions with administrative privileges on an affected device.",The CVE description explicitly describes exploiting an Internet-facing application; the central behavior is stated rather than inferred.,high,False,CVE description and ATT&CK technique definition only,test,source_train,40.125,0.0249221183801
LSA-F1F5E546C237,CVE_2021_33578,"Echo ShareCare 8.15.5 is susceptible to SQL injection vulnerabilities when processing remote input from both authenticated and unauthenticated users, leading to the ability to bypass authentication, exfiltrate Structured Query Language (SQL) records, and manipulate data.",T1190,Exploit Public-Facing Application,"Adversaries may attempt to exploit a weakness in an Internet-facing host or system to initially access a network. The weakness in the system can be a software bug, a temporary glitch, or a misconfiguration. Exploited applications are often websites/web servers, but can also include databases (like SQL), standard services (like SMB or SSH), network device administration and management protocols (like SNMP and Smart Install), and any other system with Internet-accessible open sockets. On ESXi infrastructure, adversaries may exploit exposed OpenSLP services; they may alternatively exploit exposed VMware vCenter servers. Depending on the flaw being exploited, this may also involve Exploitation for Defense Evasion or Exploitation for Client Execution. If an application is hosted on cloud-based infrastructure and/or is containerized, then exploiting it may lead to compromise of the underlying instance or container. This can allow an adversary a path to access the cloud or container APIs (e.g., via the Cloud Instance Metadata API), exploit container host access via Escape to Host, or take advantage of weak identity and access management policies. Adversaries may also exploit edge network infrastructure and related appliances, specifically targeting devices that do not support robust host-based defenses. For websites and databases, the OWASP top 10 and CWE top 25 highlight the most common web-based vulnerabilities.",directly_supported,"Echo ShareCare 8.15.5 is susceptible to SQL injection vulnerabilities when processing remote input from both authenticated and unauthenticated users, leading to the ability to bypass authentication, exfiltrate Structured Query Language (SQL) records, and manipulate data.",The CVE description explicitly describes exploiting an Internet-facing application; the central behavior is stated rather than inferred.,high,False,CVE description and ATT&CK technique definition only,test,source_train,40.125,0.0249221183801
LSA-73BC03B47F49,CVE_2021_34218,"Directory Indexing in Login Portal of Login Portal of TOTOLINK-A702R-V1.0.0-B20161227.1023 allows attacker to access /add/ , /img/, /js/, and /mobile directories via GET Parameter.",T1190,Exploit Public-Facing Application,"Adversaries may attempt to exploit a weakness in an Internet-facing host or system to initially access a network. The weakness in the system can be a software bug, a temporary glitch, or a misconfiguration. Exploited applications are often websites/web servers, but can also include databases (like SQL), standard services (like SMB or SSH), network device administration and management protocols (like SNMP and Smart Install), and any other system with Internet-accessible open sockets. On ESXi infrastructure, adversaries may exploit exposed OpenSLP services; they may alternatively exploit exposed VMware vCenter servers. Depending on the flaw being exploited, this may also involve Exploitation for Defense Evasion or Exploitation for Client Execution. If an application is hosted on cloud-based infrastructure and/or is containerized, then exploiting it may lead to compromise of the underlying instance or container. This can allow an adversary a path to access the cloud or container APIs (e.g., via the Cloud Instance Metadata API), exploit container host access via Escape to Host, or take advantage of weak identity and access management policies. Adversaries may also exploit edge network infrastructure and related appliances, specifically targeting devices that do not support robust host-based defenses. For websites and databases, the OWASP top 10 and CWE top 25 highlight the most common web-based vulnerabilities.",directly_supported,"Directory Indexing in Login Portal of Login Portal of TOTOLINK-A702R-V1.0.0-B20161227.1023 allows attacker to access /add/ , /img/, /js/, and /mobile directories via GET Parameter.",The CVE description explicitly describes exploiting an Internet-facing application; the central behavior is stated rather than inferred.,high,False,CVE description and ATT&CK technique definition only,test,source_train,40.125,0.0249221183801
LSA-AB9838BBF270,CVE_2022_27383,"MariaDB Server v10.6 and below was discovered to contain an use-after-free in the component my_strcasecmp_8bit, which is exploited via specially crafted SQL statements.",T1190,Exploit Public-Facing Application,"Adversaries may attempt to exploit a weakness in an Internet-facing host or system to initially access a network. The weakness in the system can be a software bug, a temporary glitch, or a misconfiguration. Exploited applications are often websites/web servers, but can also include databases (like SQL), standard services (like SMB or SSH), network device administration and management protocols (like SNMP and Smart Install), and any other system with Internet-accessible open sockets. On ESXi infrastructure, adversaries may exploit exposed OpenSLP services; they may alternatively exploit exposed VMware vCenter servers. Depending on the flaw being exploited, this may also involve Exploitation for Defense Evasion or Exploitation for Client Execution. If an application is hosted on cloud-based infrastructure and/or is containerized, then exploiting it may lead to compromise of the underlying instance or container. This can allow an adversary a path to access the cloud or container APIs (e.g., via the Cloud Instance Metadata API), exploit container host access via Escape to Host, or take advantage of weak identity and access management policies. Adversaries may also exploit edge network infrastructure and related appliances, specifically targeting devices that do not support robust host-based defenses. For websites and databases, the OWASP top 10 and CWE top 25 highlight the most common web-based vulnerabilities.",inferential_or_plausible,"MariaDB Server v10.6 and below was discovered to contain an use-after-free in the component my_strcasecmp_8bit, which is exploited via specially crafted SQL statements.","The vulnerability could enable exploiting an Internet-facing application, but the CVE text does not explicitly establish every element of the ATT&CK technique.",low,True,CVE description and ATT&CK technique definition only,test,source_train,40.125,0.0249221183801
LSA-784851E45059,CVE_2022_27463,"Open redirect vulnerability in objects/login.json.php in WWBN AVideo through 11.6, allows attackers to arbitrarily redirect users from a crafted url to the login page.",T1190,Exploit Public-Facing Application,"Adversaries may attempt to exploit a weakness in an Internet-facing host or system to initially access a network. The weakness in the system can be a software bug, a temporary glitch, or a misconfiguration. Exploited applications are often websites/web servers, but can also include databases (like SQL), standard services (like SMB or SSH), network device administration and management protocols (like SNMP and Smart Install), and any other system with Internet-accessible open sockets. On ESXi infrastructure, adversaries may exploit exposed OpenSLP services; they may alternatively exploit exposed VMware vCenter servers. Depending on the flaw being exploited, this may also involve Exploitation for Defense Evasion or Exploitation for Client Execution. If an application is hosted on cloud-based infrastructure and/or is containerized, then exploiting it may lead to compromise of the underlying instance or container. This can allow an adversary a path to access the cloud or container APIs (e.g., via the Cloud Instance Metadata API), exploit container host access via Escape to Host, or take advantage of weak identity and access management policies. Adversaries may also exploit edge network infrastructure and related appliances, specifically targeting devices that do not support robust host-based defenses. For websites and databases, the OWASP top 10 and CWE top 25 highlight the most common web-based vulnerabilities.",unsupported,"Open redirect vulnerability in objects/login.json.php in WWBN AVideo through 11.6, allows attackers to arbitrarily redirect users from a crafted url to the login page.",The CVE description concerns a different behavior or consequence and does not describe exploiting an Internet-facing application.,high,False,CVE description and ATT&CK technique definition only,test,source_train,40.125,0.0249221183801
LSA-F72AC809FD1F,CVE_2022_27991,Online Banking System in PHP v1 was discovered to contain multiple SQL injection vulnerabilities at /staff_login.php via the Staff ID and Staff Password parameters.,T1190,Exploit Public-Facing Application,"Adversaries may attempt to exploit a weakness in an Internet-facing host or system to initially access a network. The weakness in the system can be a software bug, a temporary glitch, or a misconfiguration. Exploited applications are often websites/web servers, but can also include databases (like SQL), standard services (like SMB or SSH), network device administration and management protocols (like SNMP and Smart Install), and any other system with Internet-accessible open sockets. On ESXi infrastructure, adversaries may exploit exposed OpenSLP services; they may alternatively exploit exposed VMware vCenter servers. Depending on the flaw being exploited, this may also involve Exploitation for Defense Evasion or Exploitation for Client Execution. If an application is hosted on cloud-based infrastructure and/or is containerized, then exploiting it may lead to compromise of the underlying instance or container. This can allow an adversary a path to access the cloud or container APIs (e.g., via the Cloud Instance Metadata API), exploit container host access via Escape to Host, or take advantage of weak identity and access management policies. Adversaries may also exploit edge network infrastructure and related appliances, specifically targeting devices that do not support robust host-based defenses. For websites and databases, the OWASP top 10 and CWE top 25 highlight the most common web-based vulnerabilities.",directly_supported,Online Banking System in PHP v1 was discovered to contain multiple SQL injection vulnerabilities at /staff_login.php via the Staff ID and Staff Password parameters.,The CVE description explicitly describes exploiting an Internet-facing application; the central behavior is stated rather than inferred.,high,False,CVE description and ATT&CK technique definition only,development,source_train,40.125,0.0249221183801
LSA-42EC11153569,CVE_2008_2992,"Stack-based buffer overflow in Adobe Acrobat and Reader 8.1.2 and earlier allows remote attackers to execute arbitrary code via a PDF file that calls the util.printf JavaScript function with a crafted format string argument, a related issue to CVE-2008-1104.",T1203,Exploitation for Client Execution,"Adversaries may exploit software vulnerabilities in client applications to execute code. Vulnerabilities can exist in software due to unsecure coding practices that can lead to unanticipated behavior. Adversaries can take advantage of certain vulnerabilities through targeted exploitation for the purpose of arbitrary code execution. Oftentimes the most valuable exploits to an offensive toolkit are those that can be used to obtain code execution on a remote system because they can be used to gain access to that system. Users will expect to see files related to the applications they commonly used to do work, so they are a useful target for exploit research and development because of their high utility. Several types exist: ### Browser-based Exploitation Web browsers are a common target through Drive-by Compromise and Spearphishing Link. Endpoint systems may be compromised through normal web browsing or from certain users being targeted by links in spearphishing emails to adversary controlled sites used to exploit the web browser. These often do not require an action by the user for the exploit to be executed. ### Office Applications Common office and productivity applications such as Microsoft Office are also targeted through Phishing. Malicious files will be transmitted directly as attachments or through links to download them. These require the user to open the document or file for the exploit to run. ### Common Third-party Applications Other applications that are commonly seen or are part of the software deployed in a target network may also be used for exploitation. Applications such as Adobe Reader and Flash, which are common in enterprise environments, have been routinely targeted by adversaries attempting to gain access to systems. Depending on the software and nature of the vulnerability, some may be exploited in the browser or require the user to open a file. For instance, some Flash exploits have been delivered as objects within Microsoft Office documents.",directly_supported,"Stack-based buffer overflow in Adobe Acrobat and Reader 8.1.2 and earlier allows remote attackers to execute arbitrary code via a PDF file that calls the util.printf JavaScript function with a crafted format string argument, a related issue to CVE-2008-1104.",The CVE description explicitly describes exploiting client software to obtain execution; the central behavior is stated rather than inferred.,high,False,CVE description and ATT&CK technique definition only,test,source_train,38.375,0.0260586319218
LSA-0A1F0A489DCA,CVE_2011_3402,"Unspecified vulnerability in the TrueType font parsing engine in win32k.sys in the kernel-mode drivers in Microsoft Windows XP SP2 and SP3, Windows Server 2003 SP2, Windows Vista SP2, Windows Server 2008 SP2, R2, and R2 SP1, and Windows 7 Gold and SP1 allows remote attackers to execute arbitrary code via crafted font data in a Word document or web page, as exploited in the wild in November 2011 by Duqu, aka ""TrueType Font Parsing Vulnerability.""",T1203,Exploitation for Client Execution,"Adversaries may exploit software vulnerabilities in client applications to execute code. Vulnerabilities can exist in software due to unsecure coding practices that can lead to unanticipated behavior. Adversaries can take advantage of certain vulnerabilities through targeted exploitation for the purpose of arbitrary code execution. Oftentimes the most valuable exploits to an offensive toolkit are those that can be used to obtain code execution on a remote system because they can be used to gain access to that system. Users will expect to see files related to the applications they commonly used to do work, so they are a useful target for exploit research and development because of their high utility. Several types exist: ### Browser-based Exploitation Web browsers are a common target through Drive-by Compromise and Spearphishing Link. Endpoint systems may be compromised through normal web browsing or from certain users being targeted by links in spearphishing emails to adversary controlled sites used to exploit the web browser. These often do not require an action by the user for the exploit to be executed. ### Office Applications Common office and productivity applications such as Microsoft Office are also targeted through Phishing. Malicious files will be transmitted directly as attachments or through links to download them. These require the user to open the document or file for the exploit to run. ### Common Third-party Applications Other applications that are commonly seen or are part of the software deployed in a target network may also be used for exploitation. Applications such as Adobe Reader and Flash, which are common in enterprise environments, have been routinely targeted by adversaries attempting to gain access to systems. Depending on the software and nature of the vulnerability, some may be exploited in the browser or require the user to open a file. For instance, some Flash exploits have been delivered as objects within Microsoft Office documents.",directly_supported,"Unspecified vulnerability in the TrueType font parsing engine in win32k.sys in the kernel-mode drivers in Microsoft Windows XP SP2 and SP3, Windows Server 2003 SP2, Windows Vista SP2, Windows Server 2008 SP2, R2, and R2 SP1, and Windows 7 Gold and SP1 allows remote attackers to execute arbitrary code via crafted font data in a Word docume",The CVE description explicitly describes exploiting client software to obtain execution; the central behavior is stated rather than inferred.,high,False,CVE description and ATT&CK technique definition only,test,source_test,38.375,0.0260586319218
LSA-0021B6526CC6,CVE_2012_6467,"Opera before 12.10 follows Internet shortcuts that are referenced by a (1) IMG element or (2) other inline element, which makes it easier for remote attackers to conduct phishing attacks via a crafted web site, as exploited in the wild in November 2012.",T1203,Exploitation for Client Execution,"Adversaries may exploit software vulnerabilities in client applications to execute code. Vulnerabilities can exist in software due to unsecure coding practices that can lead to unanticipated behavior. Adversaries can take advantage of certain vulnerabilities through targeted exploitation for the purpose of arbitrary code execution. Oftentimes the most valuable exploits to an offensive toolkit are those that can be used to obtain code execution on a remote system because they can be used to gain access to that system. Users will expect to see files related to the applications they commonly used to do work, so they are a useful target for exploit research and development because of their high utility. Several types exist: ### Browser-based Exploitation Web browsers are a common target through Drive-by Compromise and Spearphishing Link. Endpoint systems may be compromised through normal web browsing or from certain users being targeted by links in spearphishing emails to adversary controlled sites used to exploit the web browser. These often do not require an action by the user for the exploit to be executed. ### Office Applications Common office and productivity applications such as Microsoft Office are also targeted through Phishing. Malicious files will be transmitted directly as attachments or through links to download them. These require the user to open the document or file for the exploit to run. ### Common Third-party Applications Other applications that are commonly seen or are part of the software deployed in a target network may also be used for exploitation. Applications such as Adobe Reader and Flash, which are common in enterprise environments, have been routinely targeted by adversaries attempting to gain access to systems. Depending on the software and nature of the vulnerability, some may be exploited in the browser or require the user to open a file. For instance, some Flash exploits have been delivered as objects within Microsoft Office documents.",unsupported,"Opera before 12.10 follows Internet shortcuts that are referenced by a (1) IMG element or (2) other inline element, which makes it easier for remote attackers to conduct phishing attacks via a crafted web site, as exploited in the wild in November 2012.",The CVE description concerns a different behavior or consequence and does not describe exploiting client software to obtain execution.,high,False,CVE description and ATT&CK technique definition only,development,source_train,38.375,0.0260586319218
LSA-40161BE57562,CVE_2021_21300,"Git is an open-source distributed revision control system. In affected versions of Git a specially crafted repository that contains symbolic links as well as files using a clean/smudge filter such as Git LFS, may cause just-checked out script to be executed while cloning onto a case-insensitive file system such as NTFS, HFS+ or APFS (i.e. the default file systems on Windows and macOS). Note that clean/smudge filters have to be configured for that. Git for Windows configures Git LFS by default, and is therefore vulnerable. The problem has been patched in the versions published on Tuesday, March 9th, 2021. As a workaound, if symbolic link support is disabled in Git (e.g. via `git config --global core.symlinks false`), the described attack won't work. Likewise, if no clean/smudge filters such as Git LFS are configured globally (i.e. _before_ cloning), the attack is foiled. As always, it is best to avoid cloning repositories from untrusted sources. The earliest impacted version is 2.14.2. The fix versions are: 2.30.1, 2.29.3, 2.28.1, 2.27.1, 2.26.3, 2.25.5, 2.24.4, 2.23.4, 2.22.5, 2.21.4, 2.20.5, 2.19.6, 2.18.5, 2.17.62.17.6.",T1203,Exploitation for Client Execution,"Adversaries may exploit software vulnerabilities in client applications to execute code. Vulnerabilities can exist in software due to unsecure coding practices that can lead to unanticipated behavior. Adversaries can take advantage of certain vulnerabilities through targeted exploitation for the purpose of arbitrary code execution. Oftentimes the most valuable exploits to an offensive toolkit are those that can be used to obtain code execution on a remote system because they can be used to gain access to that system. Users will expect to see files related to the applications they commonly used to do work, so they are a useful target for exploit research and development because of their high utility. Several types exist: ### Browser-based Exploitation Web browsers are a common target through Drive-by Compromise and Spearphishing Link. Endpoint systems may be compromised through normal web browsing or from certain users being targeted by links in spearphishing emails to adversary controlled sites used to exploit the web browser. These often do not require an action by the user for the exploit to be executed. ### Office Applications Common office and productivity applications such as Microsoft Office are also targeted through Phishing. Malicious files will be transmitted directly as attachments or through links to download them. These require the user to open the document or file for the exploit to run. ### Common Third-party Applications Other applications that are commonly seen or are part of the software deployed in a target network may also be used for exploitation. Applications such as Adobe Reader and Flash, which are common in enterprise environments, have been routinely targeted by adversaries attempting to gain access to systems. Depending on the software and nature of the vulnerability, some may be exploited in the browser or require the user to open a file. For instance, some Flash exploits have been delivered as objects within Microsoft Office documents.",directly_supported,"In affected versions of Git a specially crafted repository that contains symbolic links as well as files using a clean/smudge filter such as Git LFS, may cause just-checked out script to be executed while cloning onto a case-insensitive file system such as NTFS, HFS+ or APFS (i.e. the default file systems on Windows and macOS).",The CVE description explicitly describes exploiting client software to obtain execution; the central behavior is stated rather than inferred.,high,False,CVE description and ATT&CK technique definition only,development,source_train,38.375,0.0260586319218
LSA-988453E2BB03,CVE_2022_23970,"ASUS RT-AX56U’s update_json function has a path traversal vulnerability due to insufficient filtering for special characters in the URL parameter. An unauthenticated LAN attacker can overwrite a system file by uploading another file with the same file name, which results in service disruption.",T1203,Exploitation for Client Execution,"Adversaries may exploit software vulnerabilities in client applications to execute code. Vulnerabilities can exist in software due to unsecure coding practices that can lead to unanticipated behavior. Adversaries can take advantage of certain vulnerabilities through targeted exploitation for the purpose of arbitrary code execution. Oftentimes the most valuable exploits to an offensive toolkit are those that can be used to obtain code execution on a remote system because they can be used to gain access to that system. Users will expect to see files related to the applications they commonly used to do work, so they are a useful target for exploit research and development because of their high utility. Several types exist: ### Browser-based Exploitation Web browsers are a common target through Drive-by Compromise and Spearphishing Link. Endpoint systems may be compromised through normal web browsing or from certain users being targeted by links in spearphishing emails to adversary controlled sites used to exploit the web browser. These often do not require an action by the user for the exploit to be executed. ### Office Applications Common office and productivity applications such as Microsoft Office are also targeted through Phishing. Malicious files will be transmitted directly as attachments or through links to download them. These require the user to open the document or file for the exploit to run. ### Common Third-party Applications Other applications that are commonly seen or are part of the software deployed in a target network may also be used for exploitation. Applications such as Adobe Reader and Flash, which are common in enterprise environments, have been routinely targeted by adversaries attempting to gain access to systems. Depending on the software and nature of the vulnerability, some may be exploited in the browser or require the user to open a file. For instance, some Flash exploits have been delivered as objects within Microsoft Office documents.",unsupported,"An unauthenticated LAN attacker can overwrite a system file by uploading another file with the same file name, which results in service disruption.",The CVE description concerns a different behavior or consequence and does not describe exploiting client software to obtain execution.,high,False,CVE description and ATT&CK technique definition only,test,source_test,38.375,0.0260586319218
LSA-98F9A1D5FB5C,CVE_2022_24070,"Subversion's mod_dav_svn is vulnerable to memory corruption. While looking up path-based authorization rules, mod_dav_svn servers may attempt to use memory which has already been freed. Affected Subversion mod_dav_svn servers 1.10.0 through 1.14.1 (inclusive). Servers that do not use mod_dav_svn are not affected.",T1203,Exploitation for Client Execution,"Adversaries may exploit software vulnerabilities in client applications to execute code. Vulnerabilities can exist in software due to unsecure coding practices that can lead to unanticipated behavior. Adversaries can take advantage of certain vulnerabilities through targeted exploitation for the purpose of arbitrary code execution. Oftentimes the most valuable exploits to an offensive toolkit are those that can be used to obtain code execution on a remote system because they can be used to gain access to that system. Users will expect to see files related to the applications they commonly used to do work, so they are a useful target for exploit research and development because of their high utility. Several types exist: ### Browser-based Exploitation Web browsers are a common target through Drive-by Compromise and Spearphishing Link. Endpoint systems may be compromised through normal web browsing or from certain users being targeted by links in spearphishing emails to adversary controlled sites used to exploit the web browser. These often do not require an action by the user for the exploit to be executed. ### Office Applications Common office and productivity applications such as Microsoft Office are also targeted through Phishing. Malicious files will be transmitted directly as attachments or through links to download them. These require the user to open the document or file for the exploit to run. ### Common Third-party Applications Other applications that are commonly seen or are part of the software deployed in a target network may also be used for exploitation. Applications such as Adobe Reader and Flash, which are common in enterprise environments, have been routinely targeted by adversaries attempting to gain access to systems. Depending on the software and nature of the vulnerability, some may be exploited in the browser or require the user to open a file. For instance, some Flash exploits have been delivered as objects within Microsoft Office documents.",unsupported,"While looking up path-based authorization rules, mod_dav_svn servers may attempt to use memory which has already been freed.",The CVE description concerns a different behavior or consequence and does not describe exploiting client software to obtain execution.,high,False,CVE description and ATT&CK technique definition only,development,source_train,38.375,0.0260586319218
LSA-7B1F395900DA,CVE_2022_24197,"iText v7.1.17 was discovered to contain a stack-based buffer overflow via the component ByteBuffer.append, which allows attackers to cause a Denial of Service (DoS) via a crafted PDF file.",T1203,Exploitation for Client Execution,"Adversaries may exploit software vulnerabilities in client applications to execute code. Vulnerabilities can exist in software due to unsecure coding practices that can lead to unanticipated behavior. Adversaries can take advantage of certain vulnerabilities through targeted exploitation for the purpose of arbitrary code execution. Oftentimes the most valuable exploits to an offensive toolkit are those that can be used to obtain code execution on a remote system because they can be used to gain access to that system. Users will expect to see files related to the applications they commonly used to do work, so they are a useful target for exploit research and development because of their high utility. Several types exist: ### Browser-based Exploitation Web browsers are a common target through Drive-by Compromise and Spearphishing Link. Endpoint systems may be compromised through normal web browsing or from certain users being targeted by links in spearphishing emails to adversary controlled sites used to exploit the web browser. These often do not require an action by the user for the exploit to be executed. ### Office Applications Common office and productivity applications such as Microsoft Office are also targeted through Phishing. Malicious files will be transmitted directly as attachments or through links to download them. These require the user to open the document or file for the exploit to run. ### Common Third-party Applications Other applications that are commonly seen or are part of the software deployed in a target network may also be used for exploitation. Applications such as Adobe Reader and Flash, which are common in enterprise environments, have been routinely targeted by adversaries attempting to gain access to systems. Depending on the software and nature of the vulnerability, some may be exploited in the browser or require the user to open a file. For instance, some Flash exploits have been delivered as objects within Microsoft Office documents.",inferential_or_plausible,"iText v7.1.17 was discovered to contain a stack-based buffer overflow via the component ByteBuffer.append, which allows attackers to cause a Denial of Service (DoS) via a crafted PDF file.","The vulnerability could enable exploiting client software to obtain execution, but the CVE text does not explicitly establish every element of the ATT&CK technique.",medium,False,CVE description and ATT&CK technique definition only,test,source_train,38.375,0.0260586319218
LSA-D16EEF995F8F,CVE_2022_28389,mcba_usb_start_xmit in drivers/net/can/usb/mcba_usb.c in the Linux kernel through 5.17.1 has a double free.,T1203,Exploitation for Client Execution,"Adversaries may exploit software vulnerabilities in client applications to execute code. Vulnerabilities can exist in software due to unsecure coding practices that can lead to unanticipated behavior. Adversaries can take advantage of certain vulnerabilities through targeted exploitation for the purpose of arbitrary code execution. Oftentimes the most valuable exploits to an offensive toolkit are those that can be used to obtain code execution on a remote system because they can be used to gain access to that system. Users will expect to see files related to the applications they commonly used to do work, so they are a useful target for exploit research and development because of their high utility. Several types exist: ### Browser-based Exploitation Web browsers are a common target through Drive-by Compromise and Spearphishing Link. Endpoint systems may be compromised through normal web browsing or from certain users being targeted by links in spearphishing emails to adversary controlled sites used to exploit the web browser. These often do not require an action by the user for the exploit to be executed. ### Office Applications Common office and productivity applications such as Microsoft Office are also targeted through Phishing. Malicious files will be transmitted directly as attachments or through links to download them. These require the user to open the document or file for the exploit to run. ### Common Third-party Applications Other applications that are commonly seen or are part of the software deployed in a target network may also be used for exploitation. Applications such as Adobe Reader and Flash, which are common in enterprise environments, have been routinely targeted by adversaries attempting to gain access to systems. Depending on the software and nature of the vulnerability, some may be exploited in the browser or require the user to open a file. For instance, some Flash exploits have been delivered as objects within Microsoft Office documents.",unsupported,mcba_usb_start_xmit in drivers/net/can/usb/mcba_usb.c in the Linux kernel through 5.17.1 has a double free.,The CVE description concerns a different behavior or consequence and does not describe exploiting client software to obtain execution.,high,False,CVE description and ATT&CK technique definition only,test,source_train,38.375,0.0260586319218
LSA-0CC71C9FEC91,CVE_2017_0262,"Microsoft Office 2010 SP2, Office 2013 SP1, and Office 2016 allow a remote code execution vulnerability when the software fails to properly handle objects in memory, aka ""Office Remote Code Execution Vulnerability"". This CVE ID is unique from CVE-2017-0261 and CVE-2017-0281.",T1204,User Execution,"An adversary may rely upon specific actions by a user in order to gain execution. Users may be subjected to social engineering to get them to execute malicious code by, for example, opening a malicious document file or link. These user actions will typically be observed as follow-on behavior from forms of Phishing. While User Execution frequently occurs shortly after Initial Access it may occur at other phases of an intrusion, such as when an adversary places a file in a shared directory or on a user's desktop hoping that a user will click on it. This activity may also be seen shortly after Internal Spearphishing. Adversaries may also deceive users into performing actions such as: * Enabling Remote Access Tools, allowing direct control of the system to the adversary * Running malicious JavaScript in their browser, allowing adversaries to Steal Web Session Cookies * Downloading and executing malware for User Execution * Coerceing users to copy, paste, and execute malicious code manually For example, tech support scams can be facilitated through Phishing, vishing, or various forms of user interaction. Adversaries can use a combination of these methods, such as spoofing and promoting toll-free numbers or call centers that are used to direct victims to malicious websites, to deliver and execute payloads containing malware or Remote Access Tools.",inferential_or_plausible,"Microsoft Office 2010 SP2, Office 2013 SP1, and Office 2016 allow a remote code execution vulnerability when the software fails to properly handle objects in memory, aka ""Office Remote Code Execution Vulnerability"".","The vulnerability could enable requiring a user action to obtain execution, but the CVE text does not explicitly establish every element of the ATT&CK technique.",medium,False,CVE description and ATT&CK technique definition only,test,source_train,18.75,0.0533333333333
LSA-F124AA155FD2,CVE_2019_1665,"A vulnerability in the web-based management interface of Cisco HyperFlex software could allow an unauthenticated, remote attacker to conduct a cross-site scripting (XSS) attack against a user of the web-based management interface of an affected system. The vulnerability is due to insufficient validation of user-supplied input by the web-based management interface of an affected system. An attacker could exploit this vulnerability by persuading a user of the interface to click a maliciously crafted link. A successful exploit could allow the attacker to execute arbitrary script code in the context of the affected interface or access sensitive, browser-based information. Versions prior to 3.5(1a) are affected.",T1204,User Execution,"An adversary may rely upon specific actions by a user in order to gain execution. Users may be subjected to social engineering to get them to execute malicious code by, for example, opening a malicious document file or link. These user actions will typically be observed as follow-on behavior from forms of Phishing. While User Execution frequently occurs shortly after Initial Access it may occur at other phases of an intrusion, such as when an adversary places a file in a shared directory or on a user's desktop hoping that a user will click on it. This activity may also be seen shortly after Internal Spearphishing. Adversaries may also deceive users into performing actions such as: * Enabling Remote Access Tools, allowing direct control of the system to the adversary * Running malicious JavaScript in their browser, allowing adversaries to Steal Web Session Cookies * Downloading and executing malware for User Execution * Coerceing users to copy, paste, and execute malicious code manually For example, tech support scams can be facilitated through Phishing, vishing, or various forms of user interaction. Adversaries can use a combination of these methods, such as spoofing and promoting toll-free numbers or call centers that are used to direct victims to malicious websites, to deliver and execute payloads containing malware or Remote Access Tools.",directly_supported,"A vulnerability in the web-based management interface of Cisco HyperFlex software could allow an unauthenticated, remote attacker to conduct a cross-site scripting (XSS) attack against a user of the web-based management interface of an affected system.",The CVE description explicitly describes requiring a user action to obtain execution; the central behavior is stated rather than inferred.,high,False,CVE description and ATT&CK technique definition only,test,source_train,18.75,0.0533333333333
LSA-EC0ABCCB91FA,CVE_2020_16874,"A remote code execution vulnerability exists in Visual Studio when it improperly handles objects in memory, aka 'Visual Studio Remote Code Execution Vulnerability'. This CVE ID is unique from CVE-2020-16856.",T1204,User Execution,"An adversary may rely upon specific actions by a user in order to gain execution. Users may be subjected to social engineering to get them to execute malicious code by, for example, opening a malicious document file or link. These user actions will typically be observed as follow-on behavior from forms of Phishing. While User Execution frequently occurs shortly after Initial Access it may occur at other phases of an intrusion, such as when an adversary places a file in a shared directory or on a user's desktop hoping that a user will click on it. This activity may also be seen shortly after Internal Spearphishing. Adversaries may also deceive users into performing actions such as: * Enabling Remote Access Tools, allowing direct control of the system to the adversary * Running malicious JavaScript in their browser, allowing adversaries to Steal Web Session Cookies * Downloading and executing malware for User Execution * Coerceing users to copy, paste, and execute malicious code manually For example, tech support scams can be facilitated through Phishing, vishing, or various forms of user interaction. Adversaries can use a combination of these methods, such as spoofing and promoting toll-free numbers or call centers that are used to direct victims to malicious websites, to deliver and execute payloads containing malware or Remote Access Tools.",inferential_or_plausible,"A remote code execution vulnerability exists in Visual Studio when it improperly handles objects in memory, aka 'Visual Studio Remote Code Execution Vulnerability'.","The vulnerability could enable requiring a user action to obtain execution, but the CVE text does not explicitly establish every element of the ATT&CK technique.",low,True,CVE description and ATT&CK technique definition only,test,source_train,18.75,0.0533333333333
LSA-095293C2BBEE,CVE_2020_6469,Insufficient policy enforcement in developer tools in Google Chrome prior to 83.0.4103.61 allowed an attacker who convinced a user to install a malicious extension to potentially perform a sandbox escape via a crafted Chrome Extension.,T1204,User Execution,"An adversary may rely upon specific actions by a user in order to gain execution. Users may be subjected to social engineering to get them to execute malicious code by, for example, opening a malicious document file or link. These user actions will typically be observed as follow-on behavior from forms of Phishing. While User Execution frequently occurs shortly after Initial Access it may occur at other phases of an intrusion, such as when an adversary places a file in a shared directory or on a user's desktop hoping that a user will click on it. This activity may also be seen shortly after Internal Spearphishing. Adversaries may also deceive users into performing actions such as: * Enabling Remote Access Tools, allowing direct control of the system to the adversary * Running malicious JavaScript in their browser, allowing adversaries to Steal Web Session Cookies * Downloading and executing malware for User Execution * Coerceing users to copy, paste, and execute malicious code manually For example, tech support scams can be facilitated through Phishing, vishing, or various forms of user interaction. Adversaries can use a combination of these methods, such as spoofing and promoting toll-free numbers or call centers that are used to direct victims to malicious websites, to deliver and execute payloads containing malware or Remote Access Tools.",directly_supported,Insufficient policy enforcement in developer tools in Google Chrome prior to 83.0.4103.61 allowed an attacker who convinced a user to install a malicious extension to potentially perform a sandbox escape via a crafted Chrome Extension.,The CVE description explicitly describes requiring a user action to obtain execution; the central behavior is stated rather than inferred.,high,False,CVE description and ATT&CK technique definition only,test,source_train,18.75,0.0533333333333
LSA-0E4883B42950,CVE_2021_21247,"OneDev is an all-in-one devops platform. In OneDev before version 4.0.3, the application's BasePage registers an AJAX event listener (`AbstractPostAjaxBehavior`) in all pages other than the login page. This listener decodes and deserializes the `data` query parameter. We can access this listener by submitting a POST request to any page. This issue may lead to `post-auth RCE` This endpoint is subject to authentication and, therefore, requires a valid user to carry on the attack. This issue was addressed in 4.0.3 by encrypting serialization payload with secrets only known to server.",T1204,User Execution,"An adversary may rely upon specific actions by a user in order to gain execution. Users may be subjected to social engineering to get them to execute malicious code by, for example, opening a malicious document file or link. These user actions will typically be observed as follow-on behavior from forms of Phishing. While User Execution frequently occurs shortly after Initial Access it may occur at other phases of an intrusion, such as when an adversary places a file in a shared directory or on a user's desktop hoping that a user will click on it. This activity may also be seen shortly after Internal Spearphishing. Adversaries may also deceive users into performing actions such as: * Enabling Remote Access Tools, allowing direct control of the system to the adversary * Running malicious JavaScript in their browser, allowing adversaries to Steal Web Session Cookies * Downloading and executing malware for User Execution * Coerceing users to copy, paste, and execute malicious code manually For example, tech support scams can be facilitated through Phishing, vishing, or various forms of user interaction. Adversaries can use a combination of these methods, such as spoofing and promoting toll-free numbers or call centers that are used to direct victims to malicious websites, to deliver and execute payloads containing malware or Remote Access Tools.",unsupported,"In OneDev before version 4.0.3, the application's BasePage registers an AJAX event listener (`AbstractPostAjaxBehavior`) in all pages other than the login page.",The CVE description concerns a different behavior or consequence and does not describe requiring a user action to obtain execution.,high,False,CVE description and ATT&CK technique definition only,test,source_train,18.75,0.0533333333333
LSA-D7DD6047DD7F,CVE_2021_25178,"An issue was discovered in Open Design Alliance Drawings SDK before 2021.11. A stack-based buffer overflow vulnerability exists when the recover operation is run with malformed .DXF and .DWG files. This can allow attackers to cause a crash potentially enabling a denial of service attack (Crash, Exit, or Restart) or possible code execution.",T1204,User Execution,"An adversary may rely upon specific actions by a user in order to gain execution. Users may be subjected to social engineering to get them to execute malicious code by, for example, opening a malicious document file or link. These user actions will typically be observed as follow-on behavior from forms of Phishing. While User Execution frequently occurs shortly after Initial Access it may occur at other phases of an intrusion, such as when an adversary places a file in a shared directory or on a user's desktop hoping that a user will click on it. This activity may also be seen shortly after Internal Spearphishing. Adversaries may also deceive users into performing actions such as: * Enabling Remote Access Tools, allowing direct control of the system to the adversary * Running malicious JavaScript in their browser, allowing adversaries to Steal Web Session Cookies * Downloading and executing malware for User Execution * Coerceing users to copy, paste, and execute malicious code manually For example, tech support scams can be facilitated through Phishing, vishing, or various forms of user interaction. Adversaries can use a combination of these methods, such as spoofing and promoting toll-free numbers or call centers that are used to direct victims to malicious websites, to deliver and execute payloads containing malware or Remote Access Tools.",inferential_or_plausible,"This can allow attackers to cause a crash potentially enabling a denial of service attack (Crash, Exit, or Restart) or possible code execution.","The vulnerability could enable requiring a user action to obtain execution, but the CVE text does not explicitly establish every element of the ATT&CK technique.",medium,False,CVE description and ATT&CK technique definition only,test,source_train,18.75,0.0533333333333
LSA-E30FD7F0C6C7,CVE_2021_35312,"A vulnerability was found in CIR 2000 / Gestionale Amica Prodigy v1.7. The Amica Prodigy's executable ""RemoteBackup.Service.exe"" has incorrect permissions, allowing a local unprivileged user to replace it with a malicious file that will be executed with ""LocalSystem"" privileges.",T1204,User Execution,"An adversary may rely upon specific actions by a user in order to gain execution. Users may be subjected to social engineering to get them to execute malicious code by, for example, opening a malicious document file or link. These user actions will typically be observed as follow-on behavior from forms of Phishing. While User Execution frequently occurs shortly after Initial Access it may occur at other phases of an intrusion, such as when an adversary places a file in a shared directory or on a user's desktop hoping that a user will click on it. This activity may also be seen shortly after Internal Spearphishing. Adversaries may also deceive users into performing actions such as: * Enabling Remote Access Tools, allowing direct control of the system to the adversary * Running malicious JavaScript in their browser, allowing adversaries to Steal Web Session Cookies * Downloading and executing malware for User Execution * Coerceing users to copy, paste, and execute malicious code manually For example, tech support scams can be facilitated through Phishing, vishing, or various forms of user interaction. Adversaries can use a combination of these methods, such as spoofing and promoting toll-free numbers or call centers that are used to direct victims to malicious websites, to deliver and execute payloads containing malware or Remote Access Tools.",unsupported,"The Amica Prodigy's executable ""RemoteBackup.Service.exe"" has incorrect permissions, allowing a local unprivileged user to replace it with a malicious file that will be executed with ""LocalSystem"" privileges.",The CVE description concerns a different behavior or consequence and does not describe requiring a user action to obtain execution.,high,False,CVE description and ATT&CK technique definition only,development,source_train,18.75,0.0533333333333
LSA-EBB03A572342,CVE_2022_23102,A vulnerability has been identified in SINEMA Remote Connect Server (All versions < V2.0). Affected products contain an open redirect vulnerability. An attacker could trick a valid authenticated user to the device into clicking a malicious link there by leading to phishing attacks.,T1204,User Execution,"An adversary may rely upon specific actions by a user in order to gain execution. Users may be subjected to social engineering to get them to execute malicious code by, for example, opening a malicious document file or link. These user actions will typically be observed as follow-on behavior from forms of Phishing. While User Execution frequently occurs shortly after Initial Access it may occur at other phases of an intrusion, such as when an adversary places a file in a shared directory or on a user's desktop hoping that a user will click on it. This activity may also be seen shortly after Internal Spearphishing. Adversaries may also deceive users into performing actions such as: * Enabling Remote Access Tools, allowing direct control of the system to the adversary * Running malicious JavaScript in their browser, allowing adversaries to Steal Web Session Cookies * Downloading and executing malware for User Execution * Coerceing users to copy, paste, and execute malicious code manually For example, tech support scams can be facilitated through Phishing, vishing, or various forms of user interaction. Adversaries can use a combination of these methods, such as spoofing and promoting toll-free numbers or call centers that are used to direct victims to malicious websites, to deliver and execute payloads containing malware or Remote Access Tools.",inferential_or_plausible,An attacker could trick a valid authenticated user to the device into clicking a malicious link there by leading to phishing attacks.,"The vulnerability could enable requiring a user action to obtain execution, but the CVE text does not explicitly establish every element of the ATT&CK technique.",medium,False,CVE description and ATT&CK technique definition only,test,source_train,18.75,0.0533333333333
LSA-3FD5309BBED3,CVE_2010_2729,"The Print Spooler service in Microsoft Windows XP SP2 and SP3, Windows Server 2003 SP2, Windows Vista SP1 and SP2, Windows Server 2008 Gold, SP2, and R2, and Windows 7, when printer sharing is enabled, does not properly validate spooler access permissions, which allows remote attackers to create files in a system directory, and consequently execute arbitrary code, by sending a crafted print request over RPC, as exploited in the wild in September 2010, aka ""Print Spooler Service Impersonation Vulnerability.""",T1210,Exploitation of Remote Services,"Adversaries may exploit remote services to gain unauthorized access to internal systems once inside of a network. Exploitation of a software vulnerability occurs when an adversary takes advantage of a programming error in a program, service, or within the operating system software or kernel itself to execute adversary-controlled code. A common goal for post-compromise exploitation of remote services is for lateral movement to enable access to a remote system. An adversary may need to determine if the remote system is in a vulnerable state, which may be done through Network Service Discovery or other Discovery methods looking for common, vulnerable software that may be deployed in the network, the lack of certain patches that may indicate vulnerabilities, or security software that may be used to detect or contain remote exploitation. Servers are likely a high value target for lateral movement exploitation, but endpoint systems may also be at risk if they provide an advantage or access to additional resources. There are several well-known vulnerabilities that exist in common services such as SMB and RDP as well as applications that may be used within internal networks such as MySQL and web server services. Additionally, there have been a number of vulnerabilities in VMware vCenter installations, which may enable threat actors to move laterally from the compromised vCenter server to virtual machines or even to ESXi hypervisors. Depending on the permissions level of the vulnerable remote service an adversary may achieve Exploitation for Privilege Escalation as a result of lateral movement exploitation as well.",directly_supported,"The Print Spooler service in Microsoft Windows XP SP2 and SP3, Windows Server 2003 SP2, Windows Vista SP1 and SP2, Windows Server 2008 Gold, SP2, and R2, and Windows 7, when printer sharing is enabled, does not properly validate spooler access permissions, which allows remote attackers to create files in a system directory, and consequent",The CVE description explicitly describes exploiting a network-accessible remote service; the central behavior is stated rather than inferred.,high,False,CVE description and ATT&CK technique definition only,test,source_train,3.375,0.296296296296
LSA-746A0AA3DEDF,CVE_2017_0176,"A buffer overflow in Smart Card authentication code in gpkcsp.dll in Microsoft Windows XP through SP3 and Server 2003 through SP2 allows a remote attacker to execute arbitrary code on the target computer, provided that the computer is joined in a Windows domain and has Remote Desktop Protocol connectivity (or Terminal Services) enabled.",T1210,Exploitation of Remote Services,"Adversaries may exploit remote services to gain unauthorized access to internal systems once inside of a network. Exploitation of a software vulnerability occurs when an adversary takes advantage of a programming error in a program, service, or within the operating system software or kernel itself to execute adversary-controlled code. A common goal for post-compromise exploitation of remote services is for lateral movement to enable access to a remote system. An adversary may need to determine if the remote system is in a vulnerable state, which may be done through Network Service Discovery or other Discovery methods looking for common, vulnerable software that may be deployed in the network, the lack of certain patches that may indicate vulnerabilities, or security software that may be used to detect or contain remote exploitation. Servers are likely a high value target for lateral movement exploitation, but endpoint systems may also be at risk if they provide an advantage or access to additional resources. There are several well-known vulnerabilities that exist in common services such as SMB and RDP as well as applications that may be used within internal networks such as MySQL and web server services. Additionally, there have been a number of vulnerabilities in VMware vCenter installations, which may enable threat actors to move laterally from the compromised vCenter server to virtual machines or even to ESXi hypervisors. Depending on the permissions level of the vulnerable remote service an adversary may achieve Exploitation for Privilege Escalation as a result of lateral movement exploitation as well.",directly_supported,"A buffer overflow in Smart Card authentication code in gpkcsp.dll in Microsoft Windows XP through SP3 and Server 2003 through SP2 allows a remote attacker to execute arbitrary code on the target computer, provided that the computer is joined in a Windows domain and has Remote Desktop Protocol connectivity (or Terminal Services) enabled.",The CVE description explicitly describes exploiting a network-accessible remote service; the central behavior is stated rather than inferred.,high,False,CVE description and ATT&CK technique definition only,development,source_train,3.375,0.296296296296
LSA-204F2F509B26,CVE_2017_8543,"Microsoft Windows XP SP3, Windows XP x64 XP2, Windows Server 2003 SP2, Windows Vista, Windows 7 SP1, Windows Server 2008 SP2 and R2 SP1, Windows 8, Windows 8.1 and Windows RT 8.1, Windows Server 2012 and R2, Windows 10 Gold, 1511, 1607, and 1703, and Windows Server 2016 allow an attacker to take control of the affected system when Windows Search fails to handle objects in memory, aka ""Windows Search Remote Code Execution Vulnerability"".",T1210,Exploitation of Remote Services,"Adversaries may exploit remote services to gain unauthorized access to internal systems once inside of a network. Exploitation of a software vulnerability occurs when an adversary takes advantage of a programming error in a program, service, or within the operating system software or kernel itself to execute adversary-controlled code. A common goal for post-compromise exploitation of remote services is for lateral movement to enable access to a remote system. An adversary may need to determine if the remote system is in a vulnerable state, which may be done through Network Service Discovery or other Discovery methods looking for common, vulnerable software that may be deployed in the network, the lack of certain patches that may indicate vulnerabilities, or security software that may be used to detect or contain remote exploitation. Servers are likely a high value target for lateral movement exploitation, but endpoint systems may also be at risk if they provide an advantage or access to additional resources. There are several well-known vulnerabilities that exist in common services such as SMB and RDP as well as applications that may be used within internal networks such as MySQL and web server services. Additionally, there have been a number of vulnerabilities in VMware vCenter installations, which may enable threat actors to move laterally from the compromised vCenter server to virtual machines or even to ESXi hypervisors. Depending on the permissions level of the vulnerable remote service an adversary may achieve Exploitation for Privilege Escalation as a result of lateral movement exploitation as well.",directly_supported,"Microsoft Windows XP SP3, Windows XP x64 XP2, Windows Server 2003 SP2, Windows Vista, Windows 7 SP1, Windows Server 2008 SP2 and R2 SP1, Windows 8, Windows 8.1 and Windows RT 8.1, Windows Server 2012 and R2, Windows 10 Gold, 1511, 1607, and 1703, and Windows Server 2016 allow an attacker to take control of the affected system when Windows",The CVE description explicitly describes exploiting a network-accessible remote service; the central behavior is stated rather than inferred.,high,False,CVE description and ATT&CK technique definition only,test,source_test,3.375,0.296296296296
LSA-565511E98866,CVE_2020_10549,"rConfig 3.9.4 and previous versions has unauthenticated snippets.inc.php SQL injection. Because, by default, nodes' passwords are stored in cleartext, this vulnerability leads to lateral movement, granting an attacker access to monitored network devices.",T1210,Exploitation of Remote Services,"Adversaries may exploit remote services to gain unauthorized access to internal systems once inside of a network. Exploitation of a software vulnerability occurs when an adversary takes advantage of a programming error in a program, service, or within the operating system software or kernel itself to execute adversary-controlled code. A common goal for post-compromise exploitation of remote services is for lateral movement to enable access to a remote system. An adversary may need to determine if the remote system is in a vulnerable state, which may be done through Network Service Discovery or other Discovery methods looking for common, vulnerable software that may be deployed in the network, the lack of certain patches that may indicate vulnerabilities, or security software that may be used to detect or contain remote exploitation. Servers are likely a high value target for lateral movement exploitation, but endpoint systems may also be at risk if they provide an advantage or access to additional resources. There are several well-known vulnerabilities that exist in common services such as SMB and RDP as well as applications that may be used within internal networks such as MySQL and web server services. Additionally, there have been a number of vulnerabilities in VMware vCenter installations, which may enable threat actors to move laterally from the compromised vCenter server to virtual machines or even to ESXi hypervisors. Depending on the permissions level of the vulnerable remote service an adversary may achieve Exploitation for Privilege Escalation as a result of lateral movement exploitation as well.",inferential_or_plausible,"Because, by default, nodes' passwords are stored in cleartext, this vulnerability leads to lateral movement, granting an attacker access to monitored network devices.","The vulnerability could enable exploiting a network-accessible remote service, but the CVE text does not explicitly establish every element of the ATT&CK technique.",low,True,CVE description and ATT&CK technique definition only,test,source_train,3.375,0.296296296296
LSA-68EA99100074,CVE_2020_11532,Zoho ManageEngine DataSecurity Plus prior to 6.0.1 uses default admin credentials to communicate with a DataEngine Xnode server. This allows an attacker to bypass authentication for this server and execute all operations in the context of admin user.,T1210,Exploitation of Remote Services,"Adversaries may exploit remote services to gain unauthorized access to internal systems once inside of a network. Exploitation of a software vulnerability occurs when an adversary takes advantage of a programming error in a program, service, or within the operating system software or kernel itself to execute adversary-controlled code. A common goal for post-compromise exploitation of remote services is for lateral movement to enable access to a remote system. An adversary may need to determine if the remote system is in a vulnerable state, which may be done through Network Service Discovery or other Discovery methods looking for common, vulnerable software that may be deployed in the network, the lack of certain patches that may indicate vulnerabilities, or security software that may be used to detect or contain remote exploitation. Servers are likely a high value target for lateral movement exploitation, but endpoint systems may also be at risk if they provide an advantage or access to additional resources. There are several well-known vulnerabilities that exist in common services such as SMB and RDP as well as applications that may be used within internal networks such as MySQL and web server services. Additionally, there have been a number of vulnerabilities in VMware vCenter installations, which may enable threat actors to move laterally from the compromised vCenter server to virtual machines or even to ESXi hypervisors. Depending on the permissions level of the vulnerable remote service an adversary may achieve Exploitation for Privilege Escalation as a result of lateral movement exploitation as well.",inferential_or_plausible,Zoho ManageEngine DataSecurity Plus prior to 6.0.1 uses default admin credentials to communicate with a DataEngine Xnode server.,"The vulnerability could enable exploiting a network-accessible remote service, but the CVE text does not explicitly establish every element of the ATT&CK technique.",medium,False,CVE description and ATT&CK technique definition only,test,source_train,3.375,0.296296296296
LSA-10CF84A81A01,CVE_2020_12594,"A privilege escalation flaw allows a malicious, authenticated, privileged CLI user to escalate their privileges on the system and gain full control over the SMG appliance. This affects SMG prior to 10.7.4.",T1210,Exploitation of Remote Services,"Adversaries may exploit remote services to gain unauthorized access to internal systems once inside of a network. Exploitation of a software vulnerability occurs when an adversary takes advantage of a programming error in a program, service, or within the operating system software or kernel itself to execute adversary-controlled code. A common goal for post-compromise exploitation of remote services is for lateral movement to enable access to a remote system. An adversary may need to determine if the remote system is in a vulnerable state, which may be done through Network Service Discovery or other Discovery methods looking for common, vulnerable software that may be deployed in the network, the lack of certain patches that may indicate vulnerabilities, or security software that may be used to detect or contain remote exploitation. Servers are likely a high value target for lateral movement exploitation, but endpoint systems may also be at risk if they provide an advantage or access to additional resources. There are several well-known vulnerabilities that exist in common services such as SMB and RDP as well as applications that may be used within internal networks such as MySQL and web server services. Additionally, there have been a number of vulnerabilities in VMware vCenter installations, which may enable threat actors to move laterally from the compromised vCenter server to virtual machines or even to ESXi hypervisors. Depending on the permissions level of the vulnerable remote service an adversary may achieve Exploitation for Privilege Escalation as a result of lateral movement exploitation as well.",unsupported,"A privilege escalation flaw allows a malicious, authenticated, privileged CLI user to escalate their privileges on the system and gain full control over the SMG appliance.",The CVE description concerns a different behavior or consequence and does not describe exploiting a network-accessible remote service.,high,False,CVE description and ATT&CK technique definition only,development,source_test,3.375,0.296296296296
LSA-E540CDA6E5CE,CVE_2020_35627,"Ultimate WooCommerce Gift Cards 3.0.2 is affected by a file upload vulnerability in the Custom GiftCard Template that can remotely execute arbitrary code. Once it contains the function ""Custom Gift Card Template"", the function of uploading a custom image is used, changing the name of the image extension to PHP and executing PHP code on the server.",T1210,Exploitation of Remote Services,"Adversaries may exploit remote services to gain unauthorized access to internal systems once inside of a network. Exploitation of a software vulnerability occurs when an adversary takes advantage of a programming error in a program, service, or within the operating system software or kernel itself to execute adversary-controlled code. A common goal for post-compromise exploitation of remote services is for lateral movement to enable access to a remote system. An adversary may need to determine if the remote system is in a vulnerable state, which may be done through Network Service Discovery or other Discovery methods looking for common, vulnerable software that may be deployed in the network, the lack of certain patches that may indicate vulnerabilities, or security software that may be used to detect or contain remote exploitation. Servers are likely a high value target for lateral movement exploitation, but endpoint systems may also be at risk if they provide an advantage or access to additional resources. There are several well-known vulnerabilities that exist in common services such as SMB and RDP as well as applications that may be used within internal networks such as MySQL and web server services. Additionally, there have been a number of vulnerabilities in VMware vCenter installations, which may enable threat actors to move laterally from the compromised vCenter server to virtual machines or even to ESXi hypervisors. Depending on the permissions level of the vulnerable remote service an adversary may achieve Exploitation for Privilege Escalation as a result of lateral movement exploitation as well.",unsupported,"Once it contains the function ""Custom Gift Card Template"", the function of uploading a custom image is used, changing the name of the image extension to PHP and executing PHP code on the server.",The CVE description concerns a different behavior or consequence and does not describe exploiting a network-accessible remote service.,high,False,CVE description and ATT&CK technique definition only,test,source_train,3.375,0.296296296296
LSA-DDD9A5A282BB,CVE_2022_29051,Missing permission checks in Jenkins Publish Over FTP Plugin 1.16 and earlier allow attackers with Overall/Read permission to connect to an FTP server using attacker-specified credentials.,T1210,Exploitation of Remote Services,"Adversaries may exploit remote services to gain unauthorized access to internal systems once inside of a network. Exploitation of a software vulnerability occurs when an adversary takes advantage of a programming error in a program, service, or within the operating system software or kernel itself to execute adversary-controlled code. A common goal for post-compromise exploitation of remote services is for lateral movement to enable access to a remote system. An adversary may need to determine if the remote system is in a vulnerable state, which may be done through Network Service Discovery or other Discovery methods looking for common, vulnerable software that may be deployed in the network, the lack of certain patches that may indicate vulnerabilities, or security software that may be used to detect or contain remote exploitation. Servers are likely a high value target for lateral movement exploitation, but endpoint systems may also be at risk if they provide an advantage or access to additional resources. There are several well-known vulnerabilities that exist in common services such as SMB and RDP as well as applications that may be used within internal networks such as MySQL and web server services. Additionally, there have been a number of vulnerabilities in VMware vCenter installations, which may enable threat actors to move laterally from the compromised vCenter server to virtual machines or even to ESXi hypervisors. Depending on the permissions level of the vulnerable remote service an adversary may achieve Exploitation for Privilege Escalation as a result of lateral movement exploitation as well.",unsupported,Missing permission checks in Jenkins Publish Over FTP Plugin 1.16 and earlier allow attackers with Overall/Read permission to connect to an FTP server using attacker-specified credentials.,The CVE description concerns a different behavior or consequence and does not describe exploiting a network-accessible remote service.,high,False,CVE description and ATT&CK technique definition only,test,source_train,3.375,0.296296296296
LSA-632942A0CCD0,CVE_2014_0751,"Directory traversal vulnerability in CimWebServer.exe (aka the WebView component) in GE Intelligent Platforms Proficy HMI/SCADA - CIMPLICITY before 8.2 SIM 24, and Proficy Process Systems with CIMPLICITY, allows remote attackers to execute arbitrary code via a crafted message to TCP port 10212, aka ZDI-CAN-1623.",T1211,Exploitation for Defense Evasion,"Adversaries may exploit a system or application vulnerability to bypass security features. Exploitation of a vulnerability occurs when an adversary takes advantage of a programming error in a program, service, or within the operating system software or kernel itself to execute adversary-controlled code. Vulnerabilities may exist in defensive security software that can be used to disable or circumvent them. Adversaries may have prior knowledge through reconnaissance that security software exists within an environment or they may perform checks during or shortly after the system is compromised for Security Software Discovery. The security software will likely be targeted directly for exploitation. There are examples of antivirus software being targeted by persistent threat groups to avoid detection. There have also been examples of vulnerabilities in public cloud infrastructure of SaaS applications that may bypass defense boundaries , evade security logs , or deploy hidden infrastructure.",unsupported,"Directory traversal vulnerability in CimWebServer.exe (aka the WebView component) in GE Intelligent Platforms Proficy HMI/SCADA - CIMPLICITY before 8.2 SIM 24, and Proficy Process Systems with CIMPLICITY, allows remote attackers to execute arbitrary code via a crafted message to TCP port 10212, aka ZDI-CAN-1623.",The CVE description concerns a different behavior or consequence and does not describe exploiting a vulnerability to evade defensive controls.,high,False,CVE description and ATT&CK technique definition only,test,source_train,4.0,0.25
LSA-3BE86A3B858C,CVE_2017_0213,"Windows COM Aggregate Marshaler in Microsoft Windows Server 2008 SP2 and R2 SP1, Windows 7 SP1, Windows 8.1, Windows Server 2012 Gold and R2, Windows RT 8.1, Windows 10 Gold, 1511, 1607, and 1703, and Windows Server 2016 allows an elevation privilege vulnerability when an attacker runs a specially crafted application, aka ""Windows COM Elevation of Privilege Vulnerability"". This CVE ID is unique from CVE-2017-0214.",T1211,Exploitation for Defense Evasion,"Adversaries may exploit a system or application vulnerability to bypass security features. Exploitation of a vulnerability occurs when an adversary takes advantage of a programming error in a program, service, or within the operating system software or kernel itself to execute adversary-controlled code. Vulnerabilities may exist in defensive security software that can be used to disable or circumvent them. Adversaries may have prior knowledge through reconnaissance that security software exists within an environment or they may perform checks during or shortly after the system is compromised for Security Software Discovery. The security software will likely be targeted directly for exploitation. There are examples of antivirus software being targeted by persistent threat groups to avoid detection. There have also been examples of vulnerabilities in public cloud infrastructure of SaaS applications that may bypass defense boundaries , evade security logs , or deploy hidden infrastructure.",unsupported,"Windows COM Aggregate Marshaler in Microsoft Windows Server 2008 SP2 and R2 SP1, Windows 7 SP1, Windows 8.1, Windows Server 2012 Gold and R2, Windows RT 8.1, Windows 10 Gold, 1511, 1607, and 1703, and Windows Server 2016 allows an elevation privilege vulnerability when an attacker runs a specially crafted application, aka ""Windows COM Ele",The CVE description concerns a different behavior or consequence and does not describe exploiting a vulnerability to evade defensive controls.,high,False,CVE description and ATT&CK technique definition only,test,source_train,4.0,0.25
LSA-A29F773E463B,CVE_2017_6922,"In Drupal core 8.x prior to 8.3.4 and Drupal core 7.x prior to 7.56; Private files that have been uploaded by an anonymous user but not permanently attached to content on the site should only be visible to the anonymous user that uploaded them, rather than all anonymous users. Drupal core did not previously provide this protection, allowing an access bypass vulnerability to occur. This issue is mitigated by the fact that in order to be affected, the site must allow anonymous users to upload files into a private file system.",T1211,Exploitation for Defense Evasion,"Adversaries may exploit a system or application vulnerability to bypass security features. Exploitation of a vulnerability occurs when an adversary takes advantage of a programming error in a program, service, or within the operating system software or kernel itself to execute adversary-controlled code. Vulnerabilities may exist in defensive security software that can be used to disable or circumvent them. Adversaries may have prior knowledge through reconnaissance that security software exists within an environment or they may perform checks during or shortly after the system is compromised for Security Software Discovery. The security software will likely be targeted directly for exploitation. There are examples of antivirus software being targeted by persistent threat groups to avoid detection. There have also been examples of vulnerabilities in public cloud infrastructure of SaaS applications that may bypass defense boundaries , evade security logs , or deploy hidden infrastructure.",unsupported,"In Drupal core 8.x prior to 8.3.4 and Drupal core 7.x prior to 7.56; Private files that have been uploaded by an anonymous user but not permanently attached to content on the site should only be visible to the anonymous user that uploaded them, rather than all anonymous users.",The CVE description concerns a different behavior or consequence and does not describe exploiting a vulnerability to evade defensive controls.,high,False,CVE description and ATT&CK technique definition only,test,source_train,4.0,0.25
LSA-A3E3AC0224FB,CVE_2020_11087,"In FreeRDP less than or equal to 2.0.0, there is an out-of-bound read in ntlm_read_AuthenticateMessage. This has been fixed in 2.1.0.",T1211,Exploitation for Defense Evasion,"Adversaries may exploit a system or application vulnerability to bypass security features. Exploitation of a vulnerability occurs when an adversary takes advantage of a programming error in a program, service, or within the operating system software or kernel itself to execute adversary-controlled code. Vulnerabilities may exist in defensive security software that can be used to disable or circumvent them. Adversaries may have prior knowledge through reconnaissance that security software exists within an environment or they may perform checks during or shortly after the system is compromised for Security Software Discovery. The security software will likely be targeted directly for exploitation. There are examples of antivirus software being targeted by persistent threat groups to avoid detection. There have also been examples of vulnerabilities in public cloud infrastructure of SaaS applications that may bypass defense boundaries , evade security logs , or deploy hidden infrastructure.",unsupported,"In FreeRDP less than or equal to 2.0.0, there is an out-of-bound read in ntlm_read_AuthenticateMessage.",The CVE description concerns a different behavior or consequence and does not describe exploiting a vulnerability to evade defensive controls.,high,False,CVE description and ATT&CK technique definition only,test,source_test,4.0,0.25
LSA-EBBBFE8F5E04,CVE_2021_33627,A vulnerability exists in SMM (System Management Mode) branch that registers a SWSMI handler that does not sufficiently check or validate the allocated buffer pointer(CommBuffer). This can be used by an attacker to corrupt data in SMRAM memory and even lead to arbitrary code execution.,T1211,Exploitation for Defense Evasion,"Adversaries may exploit a system or application vulnerability to bypass security features. Exploitation of a vulnerability occurs when an adversary takes advantage of a programming error in a program, service, or within the operating system software or kernel itself to execute adversary-controlled code. Vulnerabilities may exist in defensive security software that can be used to disable or circumvent them. Adversaries may have prior knowledge through reconnaissance that security software exists within an environment or they may perform checks during or shortly after the system is compromised for Security Software Discovery. The security software will likely be targeted directly for exploitation. There are examples of antivirus software being targeted by persistent threat groups to avoid detection. There have also been examples of vulnerabilities in public cloud infrastructure of SaaS applications that may bypass defense boundaries , evade security logs , or deploy hidden infrastructure.",unsupported,A vulnerability exists in SMM (System Management Mode) branch that registers a SWSMI handler that does not sufficiently check or validate the allocated buffer pointer(CommBuffer).,The CVE description concerns a different behavior or consequence and does not describe exploiting a vulnerability to evade defensive controls.,high,False,CVE description and ATT&CK technique definition only,test,source_train,4.0,0.25
LSA-360D38209B19,CVE_2021_33910,"basic/unit-name.c in systemd prior to 246.15, 247.8, 248.5, and 249.1 has a Memory Allocation with an Excessive Size Value (involving strdupa and alloca for a pathname controlled by a local attacker) that results in an operating system crash.",T1211,Exploitation for Defense Evasion,"Adversaries may exploit a system or application vulnerability to bypass security features. Exploitation of a vulnerability occurs when an adversary takes advantage of a programming error in a program, service, or within the operating system software or kernel itself to execute adversary-controlled code. Vulnerabilities may exist in defensive security software that can be used to disable or circumvent them. Adversaries may have prior knowledge through reconnaissance that security software exists within an environment or they may perform checks during or shortly after the system is compromised for Security Software Discovery. The security software will likely be targeted directly for exploitation. There are examples of antivirus software being targeted by persistent threat groups to avoid detection. There have also been examples of vulnerabilities in public cloud infrastructure of SaaS applications that may bypass defense boundaries , evade security logs , or deploy hidden infrastructure.",unsupported,"basic/unit-name.c in systemd prior to 246.15, 247.8, 248.5, and 249.1 has a Memory Allocation with an Excessive Size Value (involving strdupa and alloca for a pathname controlled by a local attacker) that results in an operating system crash.",The CVE description concerns a different behavior or consequence and does not describe exploiting a vulnerability to evade defensive controls.,high,False,CVE description and ATT&CK technique definition only,test,source_train,4.0,0.25
LSA-560B3EB56A26,CVE_2021_35368,"OWASP ModSecurity Core Rule Set 3.1.x before 3.1.2, 3.2.x before 3.2.1, and 3.3.x before 3.3.2 is affected by a Request Body Bypass via a trailing pathname.",T1211,Exploitation for Defense Evasion,"Adversaries may exploit a system or application vulnerability to bypass security features. Exploitation of a vulnerability occurs when an adversary takes advantage of a programming error in a program, service, or within the operating system software or kernel itself to execute adversary-controlled code. Vulnerabilities may exist in defensive security software that can be used to disable or circumvent them. Adversaries may have prior knowledge through reconnaissance that security software exists within an environment or they may perform checks during or shortly after the system is compromised for Security Software Discovery. The security software will likely be targeted directly for exploitation. There are examples of antivirus software being targeted by persistent threat groups to avoid detection. There have also been examples of vulnerabilities in public cloud infrastructure of SaaS applications that may bypass defense boundaries , evade security logs , or deploy hidden infrastructure.",directly_supported,"OWASP ModSecurity Core Rule Set 3.1.x before 3.1.2, 3.2.x before 3.2.1, and 3.3.x before 3.3.2 is affected by a Request Body Bypass via a trailing pathname.",The CVE description explicitly describes exploiting a vulnerability to evade defensive controls; the central behavior is stated rather than inferred.,high,False,CVE description and ATT&CK technique definition only,development,source_train,4.0,0.25
LSA-72D0DE7847EB,CVE_2022_24070,"Subversion's mod_dav_svn is vulnerable to memory corruption. While looking up path-based authorization rules, mod_dav_svn servers may attempt to use memory which has already been freed. Affected Subversion mod_dav_svn servers 1.10.0 through 1.14.1 (inclusive). Servers that do not use mod_dav_svn are not affected.",T1211,Exploitation for Defense Evasion,"Adversaries may exploit a system or application vulnerability to bypass security features. Exploitation of a vulnerability occurs when an adversary takes advantage of a programming error in a program, service, or within the operating system software or kernel itself to execute adversary-controlled code. Vulnerabilities may exist in defensive security software that can be used to disable or circumvent them. Adversaries may have prior knowledge through reconnaissance that security software exists within an environment or they may perform checks during or shortly after the system is compromised for Security Software Discovery. The security software will likely be targeted directly for exploitation. There are examples of antivirus software being targeted by persistent threat groups to avoid detection. There have also been examples of vulnerabilities in public cloud infrastructure of SaaS applications that may bypass defense boundaries , evade security logs , or deploy hidden infrastructure.",unsupported,"While looking up path-based authorization rules, mod_dav_svn servers may attempt to use memory which has already been freed.",The CVE description concerns a different behavior or consequence and does not describe exploiting a vulnerability to evade defensive controls.,high,False,CVE description and ATT&CK technique definition only,development,source_train,4.0,0.25
LSA-2A769EB39FD9,CVE_2014_0751,"Directory traversal vulnerability in CimWebServer.exe (aka the WebView component) in GE Intelligent Platforms Proficy HMI/SCADA - CIMPLICITY before 8.2 SIM 24, and Proficy Process Systems with CIMPLICITY, allows remote attackers to execute arbitrary code via a crafted message to TCP port 10212, aka ZDI-CAN-1623.",T1212,Exploitation for Credential Access,"Adversaries may exploit software vulnerabilities in an attempt to collect credentials. Exploitation of a software vulnerability occurs when an adversary takes advantage of a programming error in a program, service, or within the operating system software or kernel itself to execute adversary-controlled code. Credentialing and authentication mechanisms may be targeted for exploitation by adversaries as a means to gain access to useful credentials or circumvent the process to gain authenticated access to systems. One example of this is `MS14-068`, which targets Kerberos and can be used to forge Kerberos tickets using domain user permissions. Another example of this is replay attacks, in which the adversary intercepts data packets sent between parties and then later replays these packets. If services don't properly validate authentication requests, these replayed packets may allow an adversary to impersonate one of the parties and gain unauthorized access or privileges. Such exploitation has been demonstrated in cloud environments as well. For example, adversaries have exploited vulnerabilities in public cloud infrastructure that allowed for unintended authentication token creation and renewal. Exploitation for credential access may also result in Privilege Escalation depending on the process targeted or credentials obtained.",unsupported,"Directory traversal vulnerability in CimWebServer.exe (aka the WebView component) in GE Intelligent Platforms Proficy HMI/SCADA - CIMPLICITY before 8.2 SIM 24, and Proficy Process Systems with CIMPLICITY, allows remote attackers to execute arbitrary code via a crafted message to TCP port 10212, aka ZDI-CAN-1623.",The CVE description concerns a different behavior or consequence and does not describe exploiting a vulnerability to obtain credentials.,high,False,CVE description and ATT&CK technique definition only,test,source_train,2.625,0.380952380952
LSA-E64A3113B355,CVE_2018_13379,"An Improper Limitation of a Pathname to a Restricted Directory (""Path Traversal"") in Fortinet FortiOS 6.0.0 to 6.0.4, 5.6.3 to 5.6.7 and 5.4.6 to 5.4.12 and FortiProxy 2.0.0, 1.2.0 to 1.2.8, 1.1.0 to 1.1.6, 1.0.0 to 1.0.7 under SSL VPN web portal allows an unauthenticated attacker to download system files via special crafted HTTP resource requests.",T1212,Exploitation for Credential Access,"Adversaries may exploit software vulnerabilities in an attempt to collect credentials. Exploitation of a software vulnerability occurs when an adversary takes advantage of a programming error in a program, service, or within the operating system software or kernel itself to execute adversary-controlled code. Credentialing and authentication mechanisms may be targeted for exploitation by adversaries as a means to gain access to useful credentials or circumvent the process to gain authenticated access to systems. One example of this is `MS14-068`, which targets Kerberos and can be used to forge Kerberos tickets using domain user permissions. Another example of this is replay attacks, in which the adversary intercepts data packets sent between parties and then later replays these packets. If services don't properly validate authentication requests, these replayed packets may allow an adversary to impersonate one of the parties and gain unauthorized access or privileges. Such exploitation has been demonstrated in cloud environments as well. For example, adversaries have exploited vulnerabilities in public cloud infrastructure that allowed for unintended authentication token creation and renewal. Exploitation for credential access may also result in Privilege Escalation depending on the process targeted or credentials obtained.",inferential_or_plausible,"An Improper Limitation of a Pathname to a Restricted Directory (""Path Traversal"") in Fortinet FortiOS 6.0.0 to 6.0.4, 5.6.3 to 5.6.7 and 5.4.6 to 5.4.12 and FortiProxy 2.0.0, 1.2.0 to 1.2.8, 1.1.0 to 1.1.6, 1.0.0 to 1.0.7 under SSL VPN web portal allows an unauthenticated attacker to download system files via special crafted HTTP resource","The vulnerability could enable exploiting a vulnerability to obtain credentials, but the CVE text does not explicitly establish every element of the ATT&CK technique.",low,True,CVE description and ATT&CK technique definition only,test,source_train,2.625,0.380952380952
LSA-6E72838601B8,CVE_2018_20753,"Kaseya VSA RMM before R9.3 9.3.0.35, R9.4 before 9.4.0.36, and R9.5 before 9.5.0.5 allows unprivileged remote attackers to execute PowerShell payloads on all managed devices. In January 2018, attackers actively exploited this vulnerability in the wild.",T1212,Exploitation for Credential Access,"Adversaries may exploit software vulnerabilities in an attempt to collect credentials. Exploitation of a software vulnerability occurs when an adversary takes advantage of a programming error in a program, service, or within the operating system software or kernel itself to execute adversary-controlled code. Credentialing and authentication mechanisms may be targeted for exploitation by adversaries as a means to gain access to useful credentials or circumvent the process to gain authenticated access to systems. One example of this is `MS14-068`, which targets Kerberos and can be used to forge Kerberos tickets using domain user permissions. Another example of this is replay attacks, in which the adversary intercepts data packets sent between parties and then later replays these packets. If services don't properly validate authentication requests, these replayed packets may allow an adversary to impersonate one of the parties and gain unauthorized access or privileges. Such exploitation has been demonstrated in cloud environments as well. For example, adversaries have exploited vulnerabilities in public cloud infrastructure that allowed for unintended authentication token creation and renewal. Exploitation for credential access may also result in Privilege Escalation depending on the process targeted or credentials obtained.",unsupported,"Kaseya VSA RMM before R9.3 9.3.0.35, R9.4 before 9.4.0.36, and R9.5 before 9.5.0.5 allows unprivileged remote attackers to execute PowerShell payloads on all managed devices.",The CVE description concerns a different behavior or consequence and does not describe exploiting a vulnerability to obtain credentials.,high,False,CVE description and ATT&CK technique definition only,development,source_test,2.625,0.380952380952
LSA-3901E365D26A,CVE_2019_11510,"In Pulse Secure Pulse Connect Secure (PCS) 8.2 before 8.2R12.1, 8.3 before 8.3R7.1, and 9.0 before 9.0R3.4, an unauthenticated remote attacker can send a specially crafted URI to perform an arbitrary file reading vulnerability .",T1212,Exploitation for Credential Access,"Adversaries may exploit software vulnerabilities in an attempt to collect credentials. Exploitation of a software vulnerability occurs when an adversary takes advantage of a programming error in a program, service, or within the operating system software or kernel itself to execute adversary-controlled code. Credentialing and authentication mechanisms may be targeted for exploitation by adversaries as a means to gain access to useful credentials or circumvent the process to gain authenticated access to systems. One example of this is `MS14-068`, which targets Kerberos and can be used to forge Kerberos tickets using domain user permissions. Another example of this is replay attacks, in which the adversary intercepts data packets sent between parties and then later replays these packets. If services don't properly validate authentication requests, these replayed packets may allow an adversary to impersonate one of the parties and gain unauthorized access or privileges. Such exploitation has been demonstrated in cloud environments as well. For example, adversaries have exploited vulnerabilities in public cloud infrastructure that allowed for unintended authentication token creation and renewal. Exploitation for credential access may also result in Privilege Escalation depending on the process targeted or credentials obtained.",inferential_or_plausible,"In Pulse Secure Pulse Connect Secure (PCS) 8.2 before 8.2R12.1, 8.3 before 8.3R7.1, and 9.0 before 9.0R3.4, an unauthenticated remote attacker can send a specially crafted URI to perform an arbitrary file reading vulnerability .","The vulnerability could enable exploiting a vulnerability to obtain credentials, but the CVE text does not explicitly establish every element of the ATT&CK technique.",medium,False,CVE description and ATT&CK technique definition only,test,source_train,2.625,0.380952380952
LSA-9072BC79DB49,CVE_2021_33895,"ETINET BACKBOX E4.09 and H4.09 mismanages password access control. When a user uses the User ID of the process running BBSV to login to the Backbox UI application, the system procedure (USER_AUTHENTICATE_) used for verifying the Password returns 0 (no error). The reason is that the user is not running the XYGate application. Hence, BBSV assumes the Password is correct. For H4.09, the affected version isT0954V04^AAO. For E4.09, the affected version is 22SEP2020.",T1212,Exploitation for Credential Access,"Adversaries may exploit software vulnerabilities in an attempt to collect credentials. Exploitation of a software vulnerability occurs when an adversary takes advantage of a programming error in a program, service, or within the operating system software or kernel itself to execute adversary-controlled code. Credentialing and authentication mechanisms may be targeted for exploitation by adversaries as a means to gain access to useful credentials or circumvent the process to gain authenticated access to systems. One example of this is `MS14-068`, which targets Kerberos and can be used to forge Kerberos tickets using domain user permissions. Another example of this is replay attacks, in which the adversary intercepts data packets sent between parties and then later replays these packets. If services don't properly validate authentication requests, these replayed packets may allow an adversary to impersonate one of the parties and gain unauthorized access or privileges. Such exploitation has been demonstrated in cloud environments as well. For example, adversaries have exploited vulnerabilities in public cloud infrastructure that allowed for unintended authentication token creation and renewal. Exploitation for credential access may also result in Privilege Escalation depending on the process targeted or credentials obtained.",unsupported,"When a user uses the User ID of the process running BBSV to login to the Backbox UI application, the system procedure (USER_AUTHENTICATE_) used for verifying the Password returns 0 (no error).",The CVE description concerns a different behavior or consequence and does not describe exploiting a vulnerability to obtain credentials.,high,False,CVE description and ATT&CK technique definition only,test,source_test,2.625,0.380952380952
LSA-D49E13ECC4F9,CVE_2021_34578,This vulnerability allows an attacker who has access to the WBM to read and write settings-parameters of the device by sending specifically constructed requests without authentication on multiple WAGO PLCs in firmware versions up to FW07.,T1212,Exploitation for Credential Access,"Adversaries may exploit software vulnerabilities in an attempt to collect credentials. Exploitation of a software vulnerability occurs when an adversary takes advantage of a programming error in a program, service, or within the operating system software or kernel itself to execute adversary-controlled code. Credentialing and authentication mechanisms may be targeted for exploitation by adversaries as a means to gain access to useful credentials or circumvent the process to gain authenticated access to systems. One example of this is `MS14-068`, which targets Kerberos and can be used to forge Kerberos tickets using domain user permissions. Another example of this is replay attacks, in which the adversary intercepts data packets sent between parties and then later replays these packets. If services don't properly validate authentication requests, these replayed packets may allow an adversary to impersonate one of the parties and gain unauthorized access or privileges. Such exploitation has been demonstrated in cloud environments as well. For example, adversaries have exploited vulnerabilities in public cloud infrastructure that allowed for unintended authentication token creation and renewal. Exploitation for credential access may also result in Privilege Escalation depending on the process targeted or credentials obtained.",unsupported,This vulnerability allows an attacker who has access to the WBM to read and write settings-parameters of the device by sending specifically constructed requests without authentication on multiple WAGO PLCs in firmware versions up to FW07.,The CVE description concerns a different behavior or consequence and does not describe exploiting a vulnerability to obtain credentials.,high,False,CVE description and ATT&CK technique definition only,test,source_train,2.625,0.380952380952
LSA-9E54880B6872,CVE_2021_35193,"Patterson Application Service in Patterson Eaglesoft 18 through 21 accepts the same certificate authentication across different customers' installations (that have the same software version). This provides remote access to SQL database credentials. (In the normal use of the product, retrieving those credentials only occurs after a username/password authentication step; however, this authentication step is on the client side, and an attacker can develop their own client that skips this step.)",T1212,Exploitation for Credential Access,"Adversaries may exploit software vulnerabilities in an attempt to collect credentials. Exploitation of a software vulnerability occurs when an adversary takes advantage of a programming error in a program, service, or within the operating system software or kernel itself to execute adversary-controlled code. Credentialing and authentication mechanisms may be targeted for exploitation by adversaries as a means to gain access to useful credentials or circumvent the process to gain authenticated access to systems. One example of this is `MS14-068`, which targets Kerberos and can be used to forge Kerberos tickets using domain user permissions. Another example of this is replay attacks, in which the adversary intercepts data packets sent between parties and then later replays these packets. If services don't properly validate authentication requests, these replayed packets may allow an adversary to impersonate one of the parties and gain unauthorized access or privileges. Such exploitation has been demonstrated in cloud environments as well. For example, adversaries have exploited vulnerabilities in public cloud infrastructure that allowed for unintended authentication token creation and renewal. Exploitation for credential access may also result in Privilege Escalation depending on the process targeted or credentials obtained.",directly_supported,"(In the normal use of the product, retrieving those credentials only occurs after a username/password authentication step; however, this authentication step is on the client side, and an attacker can develop their own client that skips this step.)",The CVE description explicitly describes exploiting a vulnerability to obtain credentials; the central behavior is stated rather than inferred.,high,False,CVE description and ATT&CK technique definition only,test,source_train,2.625,0.380952380952
LSA-D85634EDE577,CVE_2021_44531,"Accepting arbitrary Subject Alternative Name (SAN) types, unless a PKI is specifically defined to use a particular SAN type, can result in bypassing name-constrained intermediates. Node.js &lt; 12.22.9, &lt; 14.18.3, &lt; 16.13.2, and &lt; 17.3.1 was accepting URI SAN types, which PKIs are often not defined to use. Additionally, when a protocol allows URI SANs, Node.js did not match the URI correctly.Versions of Node.js with the fix for this disable the URI SAN type when checking a certificate against a hostname. This behavior can be reverted through the --security-revert command-line option",T1212,Exploitation for Credential Access,"Adversaries may exploit software vulnerabilities in an attempt to collect credentials. Exploitation of a software vulnerability occurs when an adversary takes advantage of a programming error in a program, service, or within the operating system software or kernel itself to execute adversary-controlled code. Credentialing and authentication mechanisms may be targeted for exploitation by adversaries as a means to gain access to useful credentials or circumvent the process to gain authenticated access to systems. One example of this is `MS14-068`, which targets Kerberos and can be used to forge Kerberos tickets using domain user permissions. Another example of this is replay attacks, in which the adversary intercepts data packets sent between parties and then later replays these packets. If services don't properly validate authentication requests, these replayed packets may allow an adversary to impersonate one of the parties and gain unauthorized access or privileges. Such exploitation has been demonstrated in cloud environments as well. For example, adversaries have exploited vulnerabilities in public cloud infrastructure that allowed for unintended authentication token creation and renewal. Exploitation for credential access may also result in Privilege Escalation depending on the process targeted or credentials obtained.",unsupported,"Additionally, when a protocol allows URI SANs, Node.js did not match the URI correctly.Versions of Node.js with the fix for this disable the URI SAN type when checking a certificate against a hostname.",The CVE description concerns a different behavior or consequence and does not describe exploiting a vulnerability to obtain credentials.,high,False,CVE description and ATT&CK technique definition only,development,source_train,2.625,0.380952380952
LSA-AB93237569B8,CVE_2018_8110,"A remote code execution vulnerability exists when Microsoft Edge improperly accesses objects in memory, aka ""Microsoft Edge Memory Corruption Vulnerability."" This affects Microsoft Edge. This CVE ID is unique from CVE-2018-8111, CVE-2018-8236.",T1485,Data Destruction,"Adversaries may destroy data and files on specific systems or in large numbers on a network to interrupt availability to systems, services, and network resources. Data destruction is likely to render stored data irrecoverable by forensic techniques through overwriting files or data on local and remote drives. Common operating system file deletion commands such as del and rm often only remove pointers to files without wiping the contents of the files themselves, making the files recoverable by proper forensic methodology. This behavior is distinct from Disk Content Wipe and Disk Structure Wipe because individual files are destroyed rather than sections of a storage disk or the disk's logical structure. Adversaries may attempt to overwrite files and directories with randomly generated data to make it irrecoverable. In some cases politically oriented image files have been used to overwrite data. To maximize impact on the target organization in operations where network-wide availability interruption is the goal, malware designed for destroying data may have worm-like features to propagate across a network by leveraging additional techniques like Valid Accounts, OS Credential Dumping, and SMB/Windows Admin Shares. . In cloud environments, adversaries may leverage access to delete cloud storage objects, machine images, database instances, and other infrastructure crucial to operations to damage an organization or their customers. Similarly, they may delete virtual machines from on-prem virtualized environments.",unsupported,"A remote code execution vulnerability exists when Microsoft Edge improperly accesses objects in memory, aka ""Microsoft Edge Memory Corruption Vulnerability."" This affects Microsoft Edge.",The CVE description concerns a different behavior or consequence and does not describe deleting or destroying data.,high,False,CVE description and ATT&CK technique definition only,development,source_train,5.25,0.190476190476
LSA-28BE8ABA4E6B,CVE_2018_8111,"A remote code execution vulnerability exists when Microsoft Edge improperly accesses objects in memory, aka ""Microsoft Edge Memory Corruption Vulnerability."" This affects Microsoft Edge. This CVE ID is unique from CVE-2018-8110, CVE-2018-8236.",T1485,Data Destruction,"Adversaries may destroy data and files on specific systems or in large numbers on a network to interrupt availability to systems, services, and network resources. Data destruction is likely to render stored data irrecoverable by forensic techniques through overwriting files or data on local and remote drives. Common operating system file deletion commands such as del and rm often only remove pointers to files without wiping the contents of the files themselves, making the files recoverable by proper forensic methodology. This behavior is distinct from Disk Content Wipe and Disk Structure Wipe because individual files are destroyed rather than sections of a storage disk or the disk's logical structure. Adversaries may attempt to overwrite files and directories with randomly generated data to make it irrecoverable. In some cases politically oriented image files have been used to overwrite data. To maximize impact on the target organization in operations where network-wide availability interruption is the goal, malware designed for destroying data may have worm-like features to propagate across a network by leveraging additional techniques like Valid Accounts, OS Credential Dumping, and SMB/Windows Admin Shares. . In cloud environments, adversaries may leverage access to delete cloud storage objects, machine images, database instances, and other infrastructure crucial to operations to damage an organization or their customers. Similarly, they may delete virtual machines from on-prem virtualized environments.",unsupported,"A remote code execution vulnerability exists when Microsoft Edge improperly accesses objects in memory, aka ""Microsoft Edge Memory Corruption Vulnerability."" This affects Microsoft Edge.",The CVE description concerns a different behavior or consequence and does not describe deleting or destroying data.,high,False,CVE description and ATT&CK technique definition only,test,source_train,5.25,0.190476190476
LSA-BECF8994F00C,CVE_2018_8355,"A remote code execution vulnerability exists in the way the scripting engine handles objects in memory in Microsoft browsers, aka ""Scripting Engine Memory Corruption Vulnerability."" This affects ChakraCore, Internet Explorer 11, Microsoft Edge. This CVE ID is unique from CVE-2018-8353, CVE-2018-8359, CVE-2018-8371, CVE-2018-8372, CVE-2018-8373, CVE-2018-8385, CVE-2018-8389, CVE-2018-8390.",T1485,Data Destruction,"Adversaries may destroy data and files on specific systems or in large numbers on a network to interrupt availability to systems, services, and network resources. Data destruction is likely to render stored data irrecoverable by forensic techniques through overwriting files or data on local and remote drives. Common operating system file deletion commands such as del and rm often only remove pointers to files without wiping the contents of the files themselves, making the files recoverable by proper forensic methodology. This behavior is distinct from Disk Content Wipe and Disk Structure Wipe because individual files are destroyed rather than sections of a storage disk or the disk's logical structure. Adversaries may attempt to overwrite files and directories with randomly generated data to make it irrecoverable. In some cases politically oriented image files have been used to overwrite data. To maximize impact on the target organization in operations where network-wide availability interruption is the goal, malware designed for destroying data may have worm-like features to propagate across a network by leveraging additional techniques like Valid Accounts, OS Credential Dumping, and SMB/Windows Admin Shares. . In cloud environments, adversaries may leverage access to delete cloud storage objects, machine images, database instances, and other infrastructure crucial to operations to damage an organization or their customers. Similarly, they may delete virtual machines from on-prem virtualized environments.",unsupported,"A remote code execution vulnerability exists in the way the scripting engine handles objects in memory in Microsoft browsers, aka ""Scripting Engine Memory Corruption Vulnerability."" This affects ChakraCore, Internet Explorer 11, Microsoft Edge.",The CVE description concerns a different behavior or consequence and does not describe deleting or destroying data.,high,False,CVE description and ATT&CK technique definition only,test,source_train,5.25,0.190476190476
LSA-CD5BED5F4677,CVE_2020_0671,"An elevation of privilege vulnerability exists when the Windows kernel fails to properly handle objects in memory, aka 'Windows Kernel Elevation of Privilege Vulnerability'. This CVE ID is unique from CVE-2020-0668, CVE-2020-0669, CVE-2020-0670, CVE-2020-0672.",T1485,Data Destruction,"Adversaries may destroy data and files on specific systems or in large numbers on a network to interrupt availability to systems, services, and network resources. Data destruction is likely to render stored data irrecoverable by forensic techniques through overwriting files or data on local and remote drives. Common operating system file deletion commands such as del and rm often only remove pointers to files without wiping the contents of the files themselves, making the files recoverable by proper forensic methodology. This behavior is distinct from Disk Content Wipe and Disk Structure Wipe because individual files are destroyed rather than sections of a storage disk or the disk's logical structure. Adversaries may attempt to overwrite files and directories with randomly generated data to make it irrecoverable. In some cases politically oriented image files have been used to overwrite data. To maximize impact on the target organization in operations where network-wide availability interruption is the goal, malware designed for destroying data may have worm-like features to propagate across a network by leveraging additional techniques like Valid Accounts, OS Credential Dumping, and SMB/Windows Admin Shares. . In cloud environments, adversaries may leverage access to delete cloud storage objects, machine images, database instances, and other infrastructure crucial to operations to damage an organization or their customers. Similarly, they may delete virtual machines from on-prem virtualized environments.",unsupported,"An elevation of privilege vulnerability exists when the Windows kernel fails to properly handle objects in memory, aka 'Windows Kernel Elevation of Privilege Vulnerability'.",The CVE description concerns a different behavior or consequence and does not describe deleting or destroying data.,high,False,CVE description and ATT&CK technique definition only,test,source_test,5.25,0.190476190476
LSA-216B59F17CB1,CVE_2020_20277,"There are multiple unauthenticated directory traversal vulnerabilities in different FTP commands in uftpd FTP server versions 2.7 to 2.10 due to improper implementation of a chroot jail in common.c's compose_abspath function that can be abused to read or write to arbitrary files on the filesystem, leak process memory, or potentially lead to remote code execution.",T1485,Data Destruction,"Adversaries may destroy data and files on specific systems or in large numbers on a network to interrupt availability to systems, services, and network resources. Data destruction is likely to render stored data irrecoverable by forensic techniques through overwriting files or data on local and remote drives. Common operating system file deletion commands such as del and rm often only remove pointers to files without wiping the contents of the files themselves, making the files recoverable by proper forensic methodology. This behavior is distinct from Disk Content Wipe and Disk Structure Wipe because individual files are destroyed rather than sections of a storage disk or the disk's logical structure. Adversaries may attempt to overwrite files and directories with randomly generated data to make it irrecoverable. In some cases politically oriented image files have been used to overwrite data. To maximize impact on the target organization in operations where network-wide availability interruption is the goal, malware designed for destroying data may have worm-like features to propagate across a network by leveraging additional techniques like Valid Accounts, OS Credential Dumping, and SMB/Windows Admin Shares. . In cloud environments, adversaries may leverage access to delete cloud storage objects, machine images, database instances, and other infrastructure crucial to operations to damage an organization or their customers. Similarly, they may delete virtual machines from on-prem virtualized environments.",inferential_or_plausible,"There are multiple unauthenticated directory traversal vulnerabilities in different FTP commands in uftpd FTP server versions 2.7 to 2.10 due to improper implementation of a chroot jail in common.c's compose_abspath function that can be abused to read or write to arbitrary files on the filesystem, leak process memory, or potentially lead ","The vulnerability could enable deleting or destroying data, but the CVE text does not explicitly establish every element of the ATT&CK technique.",medium,False,CVE description and ATT&CK technique definition only,test,source_test,5.25,0.190476190476
LSA-D83CD9038240,CVE_2021_21644,A cross-site request forgery (CSRF) vulnerability in Jenkins Config File Provider Plugin 3.7.0 and earlier allows attackers to delete configuration files corresponding to an attacker-specified ID.,T1485,Data Destruction,"Adversaries may destroy data and files on specific systems or in large numbers on a network to interrupt availability to systems, services, and network resources. Data destruction is likely to render stored data irrecoverable by forensic techniques through overwriting files or data on local and remote drives. Common operating system file deletion commands such as del and rm often only remove pointers to files without wiping the contents of the files themselves, making the files recoverable by proper forensic methodology. This behavior is distinct from Disk Content Wipe and Disk Structure Wipe because individual files are destroyed rather than sections of a storage disk or the disk's logical structure. Adversaries may attempt to overwrite files and directories with randomly generated data to make it irrecoverable. In some cases politically oriented image files have been used to overwrite data. To maximize impact on the target organization in operations where network-wide availability interruption is the goal, malware designed for destroying data may have worm-like features to propagate across a network by leveraging additional techniques like Valid Accounts, OS Credential Dumping, and SMB/Windows Admin Shares. . In cloud environments, adversaries may leverage access to delete cloud storage objects, machine images, database instances, and other infrastructure crucial to operations to damage an organization or their customers. Similarly, they may delete virtual machines from on-prem virtualized environments.",directly_supported,A cross-site request forgery (CSRF) vulnerability in Jenkins Config File Provider Plugin 3.7.0 and earlier allows attackers to delete configuration files corresponding to an attacker-specified ID.,The CVE description explicitly describes deleting or destroying data; the central behavior is stated rather than inferred.,high,False,CVE description and ATT&CK technique definition only,test,source_test,5.25,0.190476190476
LSA-9DDE1872D92A,CVE_2022_0012,An improper link resolution before file access vulnerability exists in the Palo Alto Networks Cortex XDR agent on Windows platforms that enables a local user to delete arbitrary system files and impact the system integrity or cause a denial of service condition. This issue impacts: Cortex XDR agent 5.0 versions earlier than Cortex XDR agent 5.0.12; Cortex XDR agent 6.1 versions earlier than Cortex XDR agent 6.1.9; Cortex XDR agent 7.2 versions earlier than Cortex XDR agent 7.2.4; Cortex XDR agent 7.3 versions earlier than Cortex XDR agent 7.3.2.,T1485,Data Destruction,"Adversaries may destroy data and files on specific systems or in large numbers on a network to interrupt availability to systems, services, and network resources. Data destruction is likely to render stored data irrecoverable by forensic techniques through overwriting files or data on local and remote drives. Common operating system file deletion commands such as del and rm often only remove pointers to files without wiping the contents of the files themselves, making the files recoverable by proper forensic methodology. This behavior is distinct from Disk Content Wipe and Disk Structure Wipe because individual files are destroyed rather than sections of a storage disk or the disk's logical structure. Adversaries may attempt to overwrite files and directories with randomly generated data to make it irrecoverable. In some cases politically oriented image files have been used to overwrite data. To maximize impact on the target organization in operations where network-wide availability interruption is the goal, malware designed for destroying data may have worm-like features to propagate across a network by leveraging additional techniques like Valid Accounts, OS Credential Dumping, and SMB/Windows Admin Shares. . In cloud environments, adversaries may leverage access to delete cloud storage objects, machine images, database instances, and other infrastructure crucial to operations to damage an organization or their customers. Similarly, they may delete virtual machines from on-prem virtualized environments.",directly_supported,This issue impacts: Cortex XDR agent 5.0 versions earlier than Cortex XDR agent 5.0.12; Cortex XDR agent 6.1 versions earlier than Cortex XDR agent 6.1.9; Cortex XDR agent 7.2 versions earlier than Cortex XDR agent 7.2.4; Cortex XDR agent 7.3 versions earlier than Cortex XDR agent 7.3.2.,The CVE description explicitly describes deleting or destroying data; the central behavior is stated rather than inferred.,high,False,CVE description and ATT&CK technique definition only,development,source_test,5.25,0.190476190476
LSA-9B05CDB1B967,CVE_2022_21702,"Grafana is an open-source platform for monitoring and observability. In affected versions an attacker could serve HTML content thru the Grafana datasource or plugin proxy and trick a user to visit this HTML page using a specially crafted link and execute a Cross-site Scripting (XSS) attack. The attacker could either compromise an existing datasource for a specific Grafana instance or either set up its own public service and instruct anyone to set it up in their Grafana instance. To be impacted, all of the following must be applicable. For the data source proxy: A Grafana HTTP-based datasource configured with Server as Access Mode and a URL set, the attacker has to be in control of the HTTP server serving the URL of above datasource, and a specially crafted link pointing at the attacker controlled data source must be clicked on by an authenticated user. For the plugin proxy: A Grafana HTTP-based app plugin configured and enabled with a URL set, the attacker has to be in control of the HTTP server serving the URL of above app, and a specially crafted link pointing at the attacker controlled plugin must be clocked on by an authenticated user. For the backend plugin resource: An attacker must be able to navigate an authenticated user to a compromised plugin through a crafted link. Users are advised to update to a patched version. There are no known workarounds for this vulnerability.",T1485,Data Destruction,"Adversaries may destroy data and files on specific systems or in large numbers on a network to interrupt availability to systems, services, and network resources. Data destruction is likely to render stored data irrecoverable by forensic techniques through overwriting files or data on local and remote drives. Common operating system file deletion commands such as del and rm often only remove pointers to files without wiping the contents of the files themselves, making the files recoverable by proper forensic methodology. This behavior is distinct from Disk Content Wipe and Disk Structure Wipe because individual files are destroyed rather than sections of a storage disk or the disk's logical structure. Adversaries may attempt to overwrite files and directories with randomly generated data to make it irrecoverable. In some cases politically oriented image files have been used to overwrite data. To maximize impact on the target organization in operations where network-wide availability interruption is the goal, malware designed for destroying data may have worm-like features to propagate across a network by leveraging additional techniques like Valid Accounts, OS Credential Dumping, and SMB/Windows Admin Shares. . In cloud environments, adversaries may leverage access to delete cloud storage objects, machine images, database instances, and other infrastructure crucial to operations to damage an organization or their customers. Similarly, they may delete virtual machines from on-prem virtualized environments.",unsupported,"For the data source proxy: A Grafana HTTP-based datasource configured with Server as Access Mode and a URL set, the attacker has to be in control of the HTTP server serving the URL of above datasource, and a specially crafted link pointing at the attacker controlled data source must be clicked on by an authenticated user.",The CVE description concerns a different behavior or consequence and does not describe deleting or destroying data.,high,False,CVE description and ATT&CK technique definition only,test,source_train,5.25,0.190476190476
LSA-997A64553A34,CVE_2018_7494,"WPLSoft in Delta Electronics versions 2.45.0 and prior utilizes a fixed length stack buffer where a value larger than the buffer can be read from a file into the buffer, causing the buffer to be overwritten, which may allow remote code execution or cause the application to crash.",T1499,Endpoint Denial of Service,"Adversaries may perform Endpoint Denial of Service (DoS) attacks to degrade or block the availability of services to users. Endpoint DoS can be performed by exhausting the system resources those services are hosted on or exploiting the system to cause a persistent crash condition. Example services include websites, email services, DNS, and web-based applications. Adversaries have been observed conducting DoS attacks for political purposes and to support other malicious activities, including distraction , hacktivism, and extortion. An Endpoint DoS denies the availability of a service without saturating the network used to provide access to the service. Adversaries can target various layers of the application stack that is hosted on the system used to provide the service. These layers include the Operating Systems (OS), server applications such as web servers, DNS servers, databases, and the (typically web-based) applications that sit on top of them. Attacking each layer requires different techniques that take advantage of bottlenecks that are unique to the respective components. A DoS attack may be generated by a single system or multiple systems spread across the internet, which is commonly referred to as a distributed DoS (DDoS). To perform DoS attacks against endpoint resources, several aspects apply to multiple methods, including IP address spoofing and botnets. Adversaries may use the original IP address of an attacking system, or spoof the source IP address to make the attack traffic more difficult to trace back to the attacking system or to enable reflection. This can increase the difficulty defenders have in defending against the attack by reducing or eliminating the effectiveness of filtering by the source address on network defense devices. Botnets are commonly used to conduct DDoS attacks against networks and services. Large botnets can generate a significant amount of traffic from systems spread across the global internet. Adversaries may have the resources to build out and control their own botnet infrastructure or may rent time on an existing botnet to conduct an attack. In some of the worst cases for DDoS, so many systems are used to generate requests that each one only needs to send out a small amount of traffic to produce enough volume to exhaust the target's resources. In such circumstances, distinguishing DDoS traffic from legitimate clients becomes exceedingly difficult. Botnets have been used in some of the most high-profile DDoS attacks, such as the 2012 series of incidents that targeted major US banks. In cases where traffic manipulation is used, there may be points in the global network (such as high traffic gateway routers) where packets can be altered and cause legitimate clients to execute code that directs network packets toward a target in high volume. This type of capability was previously used for the purposes of web censorship where client HTTP traffic was modified to include a reference to JavaScript that generated the DDoS code to overwhelm target web servers. For attacks attempting to saturate the providing network, see Network Denial of Service.",directly_supported,"WPLSoft in Delta Electronics versions 2.45.0 and prior utilizes a fixed length stack buffer where a value larger than the buffer can be read from a file into the buffer, causing the buffer to be overwritten, which may allow remote code execution or cause the application to crash.",The CVE description explicitly describes causing endpoint denial of service; the central behavior is stated rather than inferred.,high,False,CVE description and ATT&CK technique definition only,development,source_train,33.625,0.0297397769517
LSA-6AAF5E10C3CD,CVE_2020_13125,"An issue was discovered in the ""Ultimate Addons for Elementor"" plugin before 1.24.2 for WordPress, as exploited in the wild in May 2020 in conjunction with CVE-2020-13126. Unauthenticated attackers can create users with the Subscriber role even if registration is disabled.",T1499,Endpoint Denial of Service,"Adversaries may perform Endpoint Denial of Service (DoS) attacks to degrade or block the availability of services to users. Endpoint DoS can be performed by exhausting the system resources those services are hosted on or exploiting the system to cause a persistent crash condition. Example services include websites, email services, DNS, and web-based applications. Adversaries have been observed conducting DoS attacks for political purposes and to support other malicious activities, including distraction , hacktivism, and extortion. An Endpoint DoS denies the availability of a service without saturating the network used to provide access to the service. Adversaries can target various layers of the application stack that is hosted on the system used to provide the service. These layers include the Operating Systems (OS), server applications such as web servers, DNS servers, databases, and the (typically web-based) applications that sit on top of them. Attacking each layer requires different techniques that take advantage of bottlenecks that are unique to the respective components. A DoS attack may be generated by a single system or multiple systems spread across the internet, which is commonly referred to as a distributed DoS (DDoS). To perform DoS attacks against endpoint resources, several aspects apply to multiple methods, including IP address spoofing and botnets. Adversaries may use the original IP address of an attacking system, or spoof the source IP address to make the attack traffic more difficult to trace back to the attacking system or to enable reflection. This can increase the difficulty defenders have in defending against the attack by reducing or eliminating the effectiveness of filtering by the source address on network defense devices. Botnets are commonly used to conduct DDoS attacks against networks and services. Large botnets can generate a significant amount of traffic from systems spread across the global internet. Adversaries may have the resources to build out and control their own botnet infrastructure or may rent time on an existing botnet to conduct an attack. In some of the worst cases for DDoS, so many systems are used to generate requests that each one only needs to send out a small amount of traffic to produce enough volume to exhaust the target's resources. In such circumstances, distinguishing DDoS traffic from legitimate clients becomes exceedingly difficult. Botnets have been used in some of the most high-profile DDoS attacks, such as the 2012 series of incidents that targeted major US banks. In cases where traffic manipulation is used, there may be points in the global network (such as high traffic gateway routers) where packets can be altered and cause legitimate clients to execute code that directs network packets toward a target in high volume. This type of capability was previously used for the purposes of web censorship where client HTTP traffic was modified to include a reference to JavaScript that generated the DDoS code to overwhelm target web servers. For attacks attempting to saturate the providing network, see Network Denial of Service.",unsupported,"An issue was discovered in the ""Ultimate Addons for Elementor"" plugin before 1.24.2 for WordPress, as exploited in the wild in May 2020 in conjunction with CVE-2020-13126.",The CVE description concerns a different behavior or consequence and does not describe causing endpoint denial of service.,high,False,CVE description and ATT&CK technique definition only,development,source_train,33.625,0.0297397769517
LSA-C4D64632174C,CVE_2020_3322,A vulnerability in Cisco Webex Network Recording Player and Cisco Webex Player for Microsoft Windows could allow an attacker to cause a process crash resulting in a Denial of service (DoS) condition for the player application on an affected system. The vulnerability exists due to insufficient validation of certain elements with a Webex recording stored in either the Advanced Recording Format (ARF) or the Webex Recording Format (WRF). An attacker could exploit this vulnerability by sending a user a malicious ARF or WRF file through a link or email attachment and persuading the user to open the file with the affected software on the local system. A successful exploit could allow the attacker to cause the Webex player application to crash when trying to view the malicious file.,T1499,Endpoint Denial of Service,"Adversaries may perform Endpoint Denial of Service (DoS) attacks to degrade or block the availability of services to users. Endpoint DoS can be performed by exhausting the system resources those services are hosted on or exploiting the system to cause a persistent crash condition. Example services include websites, email services, DNS, and web-based applications. Adversaries have been observed conducting DoS attacks for political purposes and to support other malicious activities, including distraction , hacktivism, and extortion. An Endpoint DoS denies the availability of a service without saturating the network used to provide access to the service. Adversaries can target various layers of the application stack that is hosted on the system used to provide the service. These layers include the Operating Systems (OS), server applications such as web servers, DNS servers, databases, and the (typically web-based) applications that sit on top of them. Attacking each layer requires different techniques that take advantage of bottlenecks that are unique to the respective components. A DoS attack may be generated by a single system or multiple systems spread across the internet, which is commonly referred to as a distributed DoS (DDoS). To perform DoS attacks against endpoint resources, several aspects apply to multiple methods, including IP address spoofing and botnets. Adversaries may use the original IP address of an attacking system, or spoof the source IP address to make the attack traffic more difficult to trace back to the attacking system or to enable reflection. This can increase the difficulty defenders have in defending against the attack by reducing or eliminating the effectiveness of filtering by the source address on network defense devices. Botnets are commonly used to conduct DDoS attacks against networks and services. Large botnets can generate a significant amount of traffic from systems spread across the global internet. Adversaries may have the resources to build out and control their own botnet infrastructure or may rent time on an existing botnet to conduct an attack. In some of the worst cases for DDoS, so many systems are used to generate requests that each one only needs to send out a small amount of traffic to produce enough volume to exhaust the target's resources. In such circumstances, distinguishing DDoS traffic from legitimate clients becomes exceedingly difficult. Botnets have been used in some of the most high-profile DDoS attacks, such as the 2012 series of incidents that targeted major US banks. In cases where traffic manipulation is used, there may be points in the global network (such as high traffic gateway routers) where packets can be altered and cause legitimate clients to execute code that directs network packets toward a target in high volume. This type of capability was previously used for the purposes of web censorship where client HTTP traffic was modified to include a reference to JavaScript that generated the DDoS code to overwhelm target web servers. For attacks attempting to saturate the providing network, see Network Denial of Service.",directly_supported,A vulnerability in Cisco Webex Network Recording Player and Cisco Webex Player for Microsoft Windows could allow an attacker to cause a process crash resulting in a Denial of service (DoS) condition for the player application on an affected system.,The CVE description explicitly describes causing endpoint denial of service; the central behavior is stated rather than inferred.,high,False,CVE description and ATT&CK technique definition only,test,source_test,33.625,0.0297397769517
LSA-012D487FA762,CVE_2021_20195,A flaw was found in keycloak in versions before 13.0.0. A Self Stored XSS attack vector escalating to a complete account takeover is possible due to user-supplied data fields not being properly encoded and Javascript code being used to process the data. The highest threat from this vulnerability is to data confidentiality and integrity as well as system availability.,T1499,Endpoint Denial of Service,"Adversaries may perform Endpoint Denial of Service (DoS) attacks to degrade or block the availability of services to users. Endpoint DoS can be performed by exhausting the system resources those services are hosted on or exploiting the system to cause a persistent crash condition. Example services include websites, email services, DNS, and web-based applications. Adversaries have been observed conducting DoS attacks for political purposes and to support other malicious activities, including distraction , hacktivism, and extortion. An Endpoint DoS denies the availability of a service without saturating the network used to provide access to the service. Adversaries can target various layers of the application stack that is hosted on the system used to provide the service. These layers include the Operating Systems (OS), server applications such as web servers, DNS servers, databases, and the (typically web-based) applications that sit on top of them. Attacking each layer requires different techniques that take advantage of bottlenecks that are unique to the respective components. A DoS attack may be generated by a single system or multiple systems spread across the internet, which is commonly referred to as a distributed DoS (DDoS). To perform DoS attacks against endpoint resources, several aspects apply to multiple methods, including IP address spoofing and botnets. Adversaries may use the original IP address of an attacking system, or spoof the source IP address to make the attack traffic more difficult to trace back to the attacking system or to enable reflection. This can increase the difficulty defenders have in defending against the attack by reducing or eliminating the effectiveness of filtering by the source address on network defense devices. Botnets are commonly used to conduct DDoS attacks against networks and services. Large botnets can generate a significant amount of traffic from systems spread across the global internet. Adversaries may have the resources to build out and control their own botnet infrastructure or may rent time on an existing botnet to conduct an attack. In some of the worst cases for DDoS, so many systems are used to generate requests that each one only needs to send out a small amount of traffic to produce enough volume to exhaust the target's resources. In such circumstances, distinguishing DDoS traffic from legitimate clients becomes exceedingly difficult. Botnets have been used in some of the most high-profile DDoS attacks, such as the 2012 series of incidents that targeted major US banks. In cases where traffic manipulation is used, there may be points in the global network (such as high traffic gateway routers) where packets can be altered and cause legitimate clients to execute code that directs network packets toward a target in high volume. This type of capability was previously used for the purposes of web censorship where client HTTP traffic was modified to include a reference to JavaScript that generated the DDoS code to overwhelm target web servers. For attacks attempting to saturate the providing network, see Network Denial of Service.",unsupported,A Self Stored XSS attack vector escalating to a complete account takeover is possible due to user-supplied data fields not being properly encoded and Javascript code being used to process the data.,The CVE description concerns a different behavior or consequence and does not describe causing endpoint denial of service.,high,False,CVE description and ATT&CK technique definition only,test,source_train,33.625,0.0297397769517
LSA-6F17739F089F,CVE_2021_22173,Memory leak in USB HID dissector in Wireshark 3.4.0 to 3.4.2 allows denial of service via packet injection or crafted capture file,T1499,Endpoint Denial of Service,"Adversaries may perform Endpoint Denial of Service (DoS) attacks to degrade or block the availability of services to users. Endpoint DoS can be performed by exhausting the system resources those services are hosted on or exploiting the system to cause a persistent crash condition. Example services include websites, email services, DNS, and web-based applications. Adversaries have been observed conducting DoS attacks for political purposes and to support other malicious activities, including distraction , hacktivism, and extortion. An Endpoint DoS denies the availability of a service without saturating the network used to provide access to the service. Adversaries can target various layers of the application stack that is hosted on the system used to provide the service. These layers include the Operating Systems (OS), server applications such as web servers, DNS servers, databases, and the (typically web-based) applications that sit on top of them. Attacking each layer requires different techniques that take advantage of bottlenecks that are unique to the respective components. A DoS attack may be generated by a single system or multiple systems spread across the internet, which is commonly referred to as a distributed DoS (DDoS). To perform DoS attacks against endpoint resources, several aspects apply to multiple methods, including IP address spoofing and botnets. Adversaries may use the original IP address of an attacking system, or spoof the source IP address to make the attack traffic more difficult to trace back to the attacking system or to enable reflection. This can increase the difficulty defenders have in defending against the attack by reducing or eliminating the effectiveness of filtering by the source address on network defense devices. Botnets are commonly used to conduct DDoS attacks against networks and services. Large botnets can generate a significant amount of traffic from systems spread across the global internet. Adversaries may have the resources to build out and control their own botnet infrastructure or may rent time on an existing botnet to conduct an attack. In some of the worst cases for DDoS, so many systems are used to generate requests that each one only needs to send out a small amount of traffic to produce enough volume to exhaust the target's resources. In such circumstances, distinguishing DDoS traffic from legitimate clients becomes exceedingly difficult. Botnets have been used in some of the most high-profile DDoS attacks, such as the 2012 series of incidents that targeted major US banks. In cases where traffic manipulation is used, there may be points in the global network (such as high traffic gateway routers) where packets can be altered and cause legitimate clients to execute code that directs network packets toward a target in high volume. This type of capability was previously used for the purposes of web censorship where client HTTP traffic was modified to include a reference to JavaScript that generated the DDoS code to overwhelm target web servers. For attacks attempting to saturate the providing network, see Network Denial of Service.",directly_supported,Memory leak in USB HID dissector in Wireshark 3.4.0 to 3.4.2 allows denial of service via packet injection or crafted capture file,The CVE description explicitly describes causing endpoint denial of service; the central behavior is stated rather than inferred.,high,False,CVE description and ATT&CK technique definition only,test,source_train,33.625,0.0297397769517
LSA-93FC2279985A,CVE_2022_21733,"Tensorflow is an Open Source Machine Learning Framework. The implementation of `StringNGrams` can be used to trigger a denial of service attack by causing an out of memory condition after an integer overflow. We are missing a validation on `pad_witdh` and that result in computing a negative value for `ngram_width` which is later used to allocate parts of the output. The fix will be included in TensorFlow 2.8.0. We will also cherrypick this commit on TensorFlow 2.7.1, TensorFlow 2.6.3, and TensorFlow 2.5.3, as these are also affected and still in supported range.",T1499,Endpoint Denial of Service,"Adversaries may perform Endpoint Denial of Service (DoS) attacks to degrade or block the availability of services to users. Endpoint DoS can be performed by exhausting the system resources those services are hosted on or exploiting the system to cause a persistent crash condition. Example services include websites, email services, DNS, and web-based applications. Adversaries have been observed conducting DoS attacks for political purposes and to support other malicious activities, including distraction , hacktivism, and extortion. An Endpoint DoS denies the availability of a service without saturating the network used to provide access to the service. Adversaries can target various layers of the application stack that is hosted on the system used to provide the service. These layers include the Operating Systems (OS), server applications such as web servers, DNS servers, databases, and the (typically web-based) applications that sit on top of them. Attacking each layer requires different techniques that take advantage of bottlenecks that are unique to the respective components. A DoS attack may be generated by a single system or multiple systems spread across the internet, which is commonly referred to as a distributed DoS (DDoS). To perform DoS attacks against endpoint resources, several aspects apply to multiple methods, including IP address spoofing and botnets. Adversaries may use the original IP address of an attacking system, or spoof the source IP address to make the attack traffic more difficult to trace back to the attacking system or to enable reflection. This can increase the difficulty defenders have in defending against the attack by reducing or eliminating the effectiveness of filtering by the source address on network defense devices. Botnets are commonly used to conduct DDoS attacks against networks and services. Large botnets can generate a significant amount of traffic from systems spread across the global internet. Adversaries may have the resources to build out and control their own botnet infrastructure or may rent time on an existing botnet to conduct an attack. In some of the worst cases for DDoS, so many systems are used to generate requests that each one only needs to send out a small amount of traffic to produce enough volume to exhaust the target's resources. In such circumstances, distinguishing DDoS traffic from legitimate clients becomes exceedingly difficult. Botnets have been used in some of the most high-profile DDoS attacks, such as the 2012 series of incidents that targeted major US banks. In cases where traffic manipulation is used, there may be points in the global network (such as high traffic gateway routers) where packets can be altered and cause legitimate clients to execute code that directs network packets toward a target in high volume. This type of capability was previously used for the purposes of web censorship where client HTTP traffic was modified to include a reference to JavaScript that generated the DDoS code to overwhelm target web servers. For attacks attempting to saturate the providing network, see Network Denial of Service.",directly_supported,We are missing a validation on `pad_witdh` and that result in computing a negative value for `ngram_width` which is later used to allocate parts of the output.,The CVE description explicitly describes causing endpoint denial of service; the central behavior is stated rather than inferred.,high,False,CVE description and ATT&CK technique definition only,test,source_train,33.625,0.0297397769517
LSA-A032C557A23F,CVE_2022_23163,"Dell PowerScale OneFS, 8.2,x, 9.1.0.x, 9.2.1.x, and 9.3.0.x contain a denial of service vulnerability. A local malicious user could potentially exploit this vulnerability, leading to denial of service/data unavailability.",T1499,Endpoint Denial of Service,"Adversaries may perform Endpoint Denial of Service (DoS) attacks to degrade or block the availability of services to users. Endpoint DoS can be performed by exhausting the system resources those services are hosted on or exploiting the system to cause a persistent crash condition. Example services include websites, email services, DNS, and web-based applications. Adversaries have been observed conducting DoS attacks for political purposes and to support other malicious activities, including distraction , hacktivism, and extortion. An Endpoint DoS denies the availability of a service without saturating the network used to provide access to the service. Adversaries can target various layers of the application stack that is hosted on the system used to provide the service. These layers include the Operating Systems (OS), server applications such as web servers, DNS servers, databases, and the (typically web-based) applications that sit on top of them. Attacking each layer requires different techniques that take advantage of bottlenecks that are unique to the respective components. A DoS attack may be generated by a single system or multiple systems spread across the internet, which is commonly referred to as a distributed DoS (DDoS). To perform DoS attacks against endpoint resources, several aspects apply to multiple methods, including IP address spoofing and botnets. Adversaries may use the original IP address of an attacking system, or spoof the source IP address to make the attack traffic more difficult to trace back to the attacking system or to enable reflection. This can increase the difficulty defenders have in defending against the attack by reducing or eliminating the effectiveness of filtering by the source address on network defense devices. Botnets are commonly used to conduct DDoS attacks against networks and services. Large botnets can generate a significant amount of traffic from systems spread across the global internet. Adversaries may have the resources to build out and control their own botnet infrastructure or may rent time on an existing botnet to conduct an attack. In some of the worst cases for DDoS, so many systems are used to generate requests that each one only needs to send out a small amount of traffic to produce enough volume to exhaust the target's resources. In such circumstances, distinguishing DDoS traffic from legitimate clients becomes exceedingly difficult. Botnets have been used in some of the most high-profile DDoS attacks, such as the 2012 series of incidents that targeted major US banks. In cases where traffic manipulation is used, there may be points in the global network (such as high traffic gateway routers) where packets can be altered and cause legitimate clients to execute code that directs network packets toward a target in high volume. This type of capability was previously used for the purposes of web censorship where client HTTP traffic was modified to include a reference to JavaScript that generated the DDoS code to overwhelm target web servers. For attacks attempting to saturate the providing network, see Network Denial of Service.",directly_supported,"A local malicious user could potentially exploit this vulnerability, leading to denial of service/data unavailability.",The CVE description explicitly describes causing endpoint denial of service; the central behavior is stated rather than inferred.,high,False,CVE description and ATT&CK technique definition only,test,source_train,33.625,0.0297397769517
LSA-CB038DB01EC1,CVE_2022_27818,SWHKD 1.1.5 unsafely uses the /tmp/swhkd.sock pathname. There can be an information leak or denial of service.,T1499,Endpoint Denial of Service,"Adversaries may perform Endpoint Denial of Service (DoS) attacks to degrade or block the availability of services to users. Endpoint DoS can be performed by exhausting the system resources those services are hosted on or exploiting the system to cause a persistent crash condition. Example services include websites, email services, DNS, and web-based applications. Adversaries have been observed conducting DoS attacks for political purposes and to support other malicious activities, including distraction , hacktivism, and extortion. An Endpoint DoS denies the availability of a service without saturating the network used to provide access to the service. Adversaries can target various layers of the application stack that is hosted on the system used to provide the service. These layers include the Operating Systems (OS), server applications such as web servers, DNS servers, databases, and the (typically web-based) applications that sit on top of them. Attacking each layer requires different techniques that take advantage of bottlenecks that are unique to the respective components. A DoS attack may be generated by a single system or multiple systems spread across the internet, which is commonly referred to as a distributed DoS (DDoS). To perform DoS attacks against endpoint resources, several aspects apply to multiple methods, including IP address spoofing and botnets. Adversaries may use the original IP address of an attacking system, or spoof the source IP address to make the attack traffic more difficult to trace back to the attacking system or to enable reflection. This can increase the difficulty defenders have in defending against the attack by reducing or eliminating the effectiveness of filtering by the source address on network defense devices. Botnets are commonly used to conduct DDoS attacks against networks and services. Large botnets can generate a significant amount of traffic from systems spread across the global internet. Adversaries may have the resources to build out and control their own botnet infrastructure or may rent time on an existing botnet to conduct an attack. In some of the worst cases for DDoS, so many systems are used to generate requests that each one only needs to send out a small amount of traffic to produce enough volume to exhaust the target's resources. In such circumstances, distinguishing DDoS traffic from legitimate clients becomes exceedingly difficult. Botnets have been used in some of the most high-profile DDoS attacks, such as the 2012 series of incidents that targeted major US banks. In cases where traffic manipulation is used, there may be points in the global network (such as high traffic gateway routers) where packets can be altered and cause legitimate clients to execute code that directs network packets toward a target in high volume. This type of capability was previously used for the purposes of web censorship where client HTTP traffic was modified to include a reference to JavaScript that generated the DDoS code to overwhelm target web servers. For attacks attempting to saturate the providing network, see Network Denial of Service.",directly_supported,SWHKD 1.1.5 unsafely uses the /tmp/swhkd.sock pathname.,The CVE description explicitly describes causing endpoint denial of service; the central behavior is stated rather than inferred.,high,False,CVE description and ATT&CK technique definition only,test,source_test,33.625,0.0297397769517
LSA-791EB5716DFB,CVE_2011_4106,"TimThumb (timthumb.php) before 2.0 does not validate the entire source with the domain white list, which allows remote attackers to upload and execute arbitrary code via a URL containing a white-listed domain in the src parameter, then accessing it via a direct request to the file in the cache directory, as exploited in the wild in August 2011",T1505,Server Software Component,Adversaries may abuse legitimate extensible development features of servers to establish persistent access to systems. Enterprise server applications may include features that allow developers to write and install software or scripts to extend the functionality of the main application. Adversaries may install malicious components to extend and abuse server applications.,directly_supported,"TimThumb (timthumb.php) before 2.0 does not validate the entire source with the domain white list, which allows remote attackers to upload and execute arbitrary code via a URL containing a white-listed domain in the src parameter, then accessing it via a direct request to the file in the cache directory, as exploited in the wild in August",The CVE description explicitly describes installing or abusing a persistent server component; the central behavior is stated rather than inferred.,high,False,CVE description and ATT&CK technique definition only,development,source_train,2.75,0.363636363636
LSA-4EE0C98DF572,CVE_2012_6081,"Multiple unrestricted file upload vulnerabilities in the (1) twikidraw (action/twikidraw.py) and (2) anywikidraw (action/anywikidraw.py) actions in MoinMoin before 1.9.6 allow remote authenticated users with write permissions to execute arbitrary code by uploading a file with an executable extension, then accessing it via a direct request to the file in an unspecified directory, as exploited in the wild in July 2012.",T1505,Server Software Component,Adversaries may abuse legitimate extensible development features of servers to establish persistent access to systems. Enterprise server applications may include features that allow developers to write and install software or scripts to extend the functionality of the main application. Adversaries may install malicious components to extend and abuse server applications.,directly_supported,"Multiple unrestricted file upload vulnerabilities in the (1) twikidraw (action/twikidraw.py) and (2) anywikidraw (action/anywikidraw.py) actions in MoinMoin before 1.9.6 allow remote authenticated users with write permissions to execute arbitrary code by uploading a file with an executable extension, then accessing it via a direct request",The CVE description explicitly describes installing or abusing a persistent server component; the central behavior is stated rather than inferred.,high,False,CVE description and ATT&CK technique definition only,test,source_test,2.75,0.363636363636
LSA-D8CFCAB187E5,CVE_2019_18234,"Equinox Control Expert all versions, is vulnerable to an SQL injection attack, which may allow an attacker to remotely execute arbitrary code.",T1505,Server Software Component,Adversaries may abuse legitimate extensible development features of servers to establish persistent access to systems. Enterprise server applications may include features that allow developers to write and install software or scripts to extend the functionality of the main application. Adversaries may install malicious components to extend and abuse server applications.,unsupported,"Equinox Control Expert all versions, is vulnerable to an SQL injection attack, which may allow an attacker to remotely execute arbitrary code.",The CVE description concerns a different behavior or consequence and does not describe installing or abusing a persistent server component.,high,False,CVE description and ATT&CK technique definition only,test,source_train,2.75,0.363636363636
LSA-BBB3C282F529,CVE_2020_11010,"In Tortoise ORM before versions 0.15.23 and 0.16.6, various forms of SQL injection have been found for MySQL and when filtering or doing mass-updates on char/text fields. SQLite &amp; PostgreSQL are only affected when filtering with contains, starts_with, or ends_with filters (and their case-insensitive counterparts).",T1505,Server Software Component,Adversaries may abuse legitimate extensible development features of servers to establish persistent access to systems. Enterprise server applications may include features that allow developers to write and install software or scripts to extend the functionality of the main application. Adversaries may install malicious components to extend and abuse server applications.,unsupported,"In Tortoise ORM before versions 0.15.23 and 0.16.6, various forms of SQL injection have been found for MySQL and when filtering or doing mass-updates on char/text fields.",The CVE description concerns a different behavior or consequence and does not describe installing or abusing a persistent server component.,high,False,CVE description and ATT&CK technique definition only,test,source_train,2.75,0.363636363636
LSA-8F544CD89E23,CVE_2020_12029,"All versions of FactoryTalk View SE do not properly validate input of filenames within a project directory. A remote, unauthenticated attacker may be able to execute a crafted file on a remote endpoint that may result in remote code execution (RCE). Rockwell Automation recommends applying patch 1126289. Before installing this patch, the patch rollup dated 06 Apr 2020 or later MUST be applied. 1066644 – Patch Roll-up for CPR9 SRx.",T1505,Server Software Component,Adversaries may abuse legitimate extensible development features of servers to establish persistent access to systems. Enterprise server applications may include features that allow developers to write and install software or scripts to extend the functionality of the main application. Adversaries may install malicious components to extend and abuse server applications.,unsupported,"A remote, unauthenticated attacker may be able to execute a crafted file on a remote endpoint that may result in remote code execution (RCE).",The CVE description concerns a different behavior or consequence and does not describe installing or abusing a persistent server component.,high,False,CVE description and ATT&CK technique definition only,test,source_train,2.75,0.363636363636
LSA-B523BDB7827C,CVE_2020_3240,"Multiple vulnerabilities in the REST API of Cisco UCS Director and Cisco UCS Director Express for Big Data may allow a remote attacker to bypass authentication or conduct directory traversal attacks on an affected device. For more information about these vulnerabilities, see the Details section of this advisory.",T1505,Server Software Component,Adversaries may abuse legitimate extensible development features of servers to establish persistent access to systems. Enterprise server applications may include features that allow developers to write and install software or scripts to extend the functionality of the main application. Adversaries may install malicious components to extend and abuse server applications.,unsupported,Multiple vulnerabilities in the REST API of Cisco UCS Director and Cisco UCS Director Express for Big Data may allow a remote attacker to bypass authentication or conduct directory traversal attacks on an affected device.,The CVE description concerns a different behavior or consequence and does not describe installing or abusing a persistent server component.,high,False,CVE description and ATT&CK technique definition only,test,source_train,2.75,0.363636363636
LSA-E20B92455FA4,CVE_2021_22900,A vulnerability allowed multiple unrestricted uploads in Pulse Connect Secure before 9.1R11.4 that could lead to an authenticated administrator to perform a file write via a maliciously crafted archive upload in the administrator web interface.,T1505,Server Software Component,Adversaries may abuse legitimate extensible development features of servers to establish persistent access to systems. Enterprise server applications may include features that allow developers to write and install software or scripts to extend the functionality of the main application. Adversaries may install malicious components to extend and abuse server applications.,inferential_or_plausible,A vulnerability allowed multiple unrestricted uploads in Pulse Connect Secure before 9.1R11.4 that could lead to an authenticated administrator to perform a file write via a maliciously crafted archive upload in the administrator web interface.,"The vulnerability could enable installing or abusing a persistent server component, but the CVE text does not explicitly establish every element of the ATT&CK technique.",low,True,CVE description and ATT&CK technique definition only,test,source_test,2.75,0.363636363636
LSA-8B8784D66687,CVE_2021_27130,"Online Reviewer System 1.0 contains a SQL injection vulnerability through authentication bypass, which may lead to a reverse shell upload.",T1505,Server Software Component,Adversaries may abuse legitimate extensible development features of servers to establish persistent access to systems. Enterprise server applications may include features that allow developers to write and install software or scripts to extend the functionality of the main application. Adversaries may install malicious components to extend and abuse server applications.,directly_supported,"Online Reviewer System 1.0 contains a SQL injection vulnerability through authentication bypass, which may lead to a reverse shell upload.",The CVE description explicitly describes installing or abusing a persistent server component; the central behavior is stated rather than inferred.,high,False,CVE description and ATT&CK technique definition only,test,source_test,2.75,0.363636363636
LSA-EBE8F702441E,CVE_2020_14068,An issue was discovered in MK-AUTH 19.01. The web login functionality allows an attacker to bypass authentication and gain client privileges via SQL injection in central/executar_login.php.,T1548,Abuse Elevation Control Mechanism,Adversaries may circumvent mechanisms designed to control elevate privileges to gain higher-level permissions. Most modern systems contain native elevation control mechanisms that are intended to limit privileges that a user can perform on a machine. Authorization has to be granted to specific users in order to perform tasks that can be considered of higher risk. An adversary can perform several methods to take advantage of built-in control mechanisms in order to escalate privileges on a system.,unsupported,The web login functionality allows an attacker to bypass authentication and gain client privileges via SQL injection in central/executar_login.php.,The CVE description concerns a different behavior or consequence and does not describe bypassing or abusing an elevation-control mechanism.,high,False,CVE description and ATT&CK technique definition only,test,source_train,6.875,0.145454545455
LSA-9177D01135D0,CVE_2020_17389,"This vulnerability allows remote attackers to execute arbitrary code on affected installations of Marvell QConvergeConsole 5.5.0.64. Although authentication is required to exploit this vulnerability, the existing authentication mechanism can be bypassed. The specific flaw exists within the decryptFile method of the GWTTestServiceImpl class. The issue results from the lack of proper validation of a user-supplied path prior to using it in file operations. An attacker can leverage this vulnerability to execute code in the context of SYSTEM. Was ZDI-CAN-10502.",T1548,Abuse Elevation Control Mechanism,Adversaries may circumvent mechanisms designed to control elevate privileges to gain higher-level permissions. Most modern systems contain native elevation control mechanisms that are intended to limit privileges that a user can perform on a machine. Authorization has to be granted to specific users in order to perform tasks that can be considered of higher risk. An adversary can perform several methods to take advantage of built-in control mechanisms in order to escalate privileges on a system.,inferential_or_plausible,This vulnerability allows remote attackers to execute arbitrary code on affected installations of Marvell QConvergeConsole 5.5.0.64.,"The vulnerability could enable bypassing or abusing an elevation-control mechanism, but the CVE text does not explicitly establish every element of the ATT&CK technique.",low,True,CVE description and ATT&CK technique definition only,test,source_test,6.875,0.145454545455
LSA-3ACA64AA9E9F,CVE_2020_24034,"Sagemcom F@ST 5280 routers using firmware version 1.150.61 have insecure deserialization that allows any authenticated user to perform a privilege escalation to any other user. By making a request with valid sess_id, nonce, and ha1 values inside of the serialized session cookie, an attacker may alter the user value inside of this cookie, and assume the role and permissions of the user specified. By assuming the role of the user internal, which is inaccessible to end users by default, the attacker gains the permissions of the internal account, which includes the ability to flash custom firmware to the router, allowing the attacker to achieve a complete compromise.",T1548,Abuse Elevation Control Mechanism,Adversaries may circumvent mechanisms designed to control elevate privileges to gain higher-level permissions. Most modern systems contain native elevation control mechanisms that are intended to limit privileges that a user can perform on a machine. Authorization has to be granted to specific users in order to perform tasks that can be considered of higher risk. An adversary can perform several methods to take advantage of built-in control mechanisms in order to escalate privileges on a system.,inferential_or_plausible,"By assuming the role of the user internal, which is inaccessible to end users by default, the attacker gains the permissions of the internal account, which includes the ability to flash custom firmware to the router, allowing the attacker to achieve a complete compromise.","The vulnerability could enable bypassing or abusing an elevation-control mechanism, but the CVE text does not explicitly establish every element of the ATT&CK technique.",medium,False,CVE description and ATT&CK technique definition only,development,source_train,6.875,0.145454545455
LSA-687A6787D9E5,CVE_2020_25889,Online Bus Booking System Project Using PHP/MySQL version 1.0 has SQL injection via the login page. By placing SQL injection payload on the login page attackers can bypass the authentication and can gain the admin privilege.,T1548,Abuse Elevation Control Mechanism,Adversaries may circumvent mechanisms designed to control elevate privileges to gain higher-level permissions. Most modern systems contain native elevation control mechanisms that are intended to limit privileges that a user can perform on a machine. Authorization has to be granted to specific users in order to perform tasks that can be considered of higher risk. An adversary can perform several methods to take advantage of built-in control mechanisms in order to escalate privileges on a system.,unsupported,By placing SQL injection payload on the login page attackers can bypass the authentication and can gain the admin privilege.,The CVE description concerns a different behavior or consequence and does not describe bypassing or abusing an elevation-control mechanism.,high,False,CVE description and ATT&CK technique definition only,test,source_train,6.875,0.145454545455
LSA-FF54874B8B20,CVE_2021_21985,The vSphere Client (HTML5) contains a remote code execution vulnerability due to lack of input validation in the Virtual SAN Health Check plug-in which is enabled by default in vCenter Server. A malicious actor with network access to port 443 may exploit this issue to execute commands with unrestricted privileges on the underlying operating system that hosts vCenter Server.,T1548,Abuse Elevation Control Mechanism,Adversaries may circumvent mechanisms designed to control elevate privileges to gain higher-level permissions. Most modern systems contain native elevation control mechanisms that are intended to limit privileges that a user can perform on a machine. Authorization has to be granted to specific users in order to perform tasks that can be considered of higher risk. An adversary can perform several methods to take advantage of built-in control mechanisms in order to escalate privileges on a system.,unsupported,The vSphere Client (HTML5) contains a remote code execution vulnerability due to lack of input validation in the Virtual SAN Health Check plug-in which is enabled by default in vCenter Server.,The CVE description concerns a different behavior or consequence and does not describe bypassing or abusing an elevation-control mechanism.,high,False,CVE description and ATT&CK technique definition only,test,source_test,6.875,0.145454545455
LSA-6947B05FFA92,CVE_2021_30657,"A logic issue was addressed with improved state management. This issue is fixed in macOS Big Sur 11.3, Security Update 2021-002 Catalina. A malicious application may bypass Gatekeeper checks. Apple is aware of a report that this issue may have been actively exploited..",T1548,Abuse Elevation Control Mechanism,Adversaries may circumvent mechanisms designed to control elevate privileges to gain higher-level permissions. Most modern systems contain native elevation control mechanisms that are intended to limit privileges that a user can perform on a machine. Authorization has to be granted to specific users in order to perform tasks that can be considered of higher risk. An adversary can perform several methods to take advantage of built-in control mechanisms in order to escalate privileges on a system.,directly_supported,"This issue is fixed in macOS Big Sur 11.3, Security Update 2021-002 Catalina.",The CVE description explicitly describes bypassing or abusing an elevation-control mechanism; the central behavior is stated rather than inferred.,high,False,CVE description and ATT&CK technique definition only,test,source_train,6.875,0.145454545455
LSA-A3B3043568CA,CVE_2022_21679,"Istio is an open platform to connect, manage, and secure microservices. In Istio 1.12.0 and 1.12.1 The authorization policy with hosts and notHosts might be accidentally bypassed for ALLOW action or rejected unexpectedly for DENY action during the upgrade from 1.11 to 1.12.0/1.12.1. Istio 1.12 supports the hosts and notHosts fields in authorization policy with a new Envoy API shipped with the 1.12 data plane. A bug in the 1.12.0 and 1.12.1 incorrectly uses the new Envoy API with the 1.11 data plane. This will cause the hosts and notHosts fields to be always matched regardless of the actual value of the host header when mixing 1.12.0/1.12.1 control plane and 1.11 data plane. Users are advised to upgrade or to not mix the 1.12.0/1.12.1 control plane with 1.11 data plane if using hosts or notHosts field in authorization policy.",T1548,Abuse Elevation Control Mechanism,Adversaries may circumvent mechanisms designed to control elevate privileges to gain higher-level permissions. Most modern systems contain native elevation control mechanisms that are intended to limit privileges that a user can perform on a machine. Authorization has to be granted to specific users in order to perform tasks that can be considered of higher risk. An adversary can perform several methods to take advantage of built-in control mechanisms in order to escalate privileges on a system.,unsupported,In Istio 1.12.0 and 1.12.1 The authorization policy with hosts and notHosts might be accidentally bypassed for ALLOW action or rejected unexpectedly for DENY action during the upgrade from 1.11 to 1.12.0/1.12.1.,The CVE description concerns a different behavior or consequence and does not describe bypassing or abusing an elevation-control mechanism.,high,False,CVE description and ATT&CK technique definition only,test,source_test,6.875,0.145454545455
LSA-464E710FD476,CVE_2022_26250,Synaman v5.1 and below was discovered to contain weak file permissions which allows authenticated attackers to escalate privileges.,T1548,Abuse Elevation Control Mechanism,Adversaries may circumvent mechanisms designed to control elevate privileges to gain higher-level permissions. Most modern systems contain native elevation control mechanisms that are intended to limit privileges that a user can perform on a machine. Authorization has to be granted to specific users in order to perform tasks that can be considered of higher risk. An adversary can perform several methods to take advantage of built-in control mechanisms in order to escalate privileges on a system.,inferential_or_plausible,Synaman v5.1 and below was discovered to contain weak file permissions which allows authenticated attackers to escalate privileges.,"The vulnerability could enable bypassing or abusing an elevation-control mechanism, but the CVE text does not explicitly establish every element of the ATT&CK technique.",medium,False,CVE description and ATT&CK technique definition only,development,source_train,6.875,0.145454545455
LSA-93ED71211360,CVE_2018_11088,"Pivotal Applications Manager in Pivotal Application Service, versions 2.0 prior to 2.0.21 and 2.1 prior to 2.1.13 and 2.2 prior to 2.2.5, contains a bug which may allow escalation of privileges. A space developer with access to the system org may be able to access an artifact which contains the CF admin credential, allowing them to escalate to an admin role.",T1552,Unsecured Credentials,"Adversaries may search compromised systems to find and obtain insecurely stored credentials. These credentials can be stored and/or misplaced in many locations on a system, including plaintext files (e.g. Shell History), operating system or application-specific repositories (e.g. Credentials in Registry), or other specialized files/artifacts (e.g. Private Keys).",directly_supported,"Pivotal Applications Manager in Pivotal Application Service, versions 2.0 prior to 2.0.21 and 2.1 prior to 2.1.13 and 2.2 prior to 2.2.5, contains a bug which may allow escalation of privileges.",The CVE description explicitly describes obtaining inadequately protected credentials; the central behavior is stated rather than inferred.,high,False,CVE description and ATT&CK technique definition only,test,source_train,7.75,0.129032258065
LSA-F1557EF91AE8,CVE_2018_15797,"Cloud Foundry NFS volume release, 1.2.x prior to 1.2.5, 1.5.x prior to 1.5.4, 1.7.x prior to 1.7.3, logs the cf admin username and password when running the nfsbrokerpush BOSH deploy errand. A remote authenticated user with access to BOSH can obtain the admin credentials for the Cloud Foundry Platform through the logs of the NFS volume deploy errand.",T1552,Unsecured Credentials,"Adversaries may search compromised systems to find and obtain insecurely stored credentials. These credentials can be stored and/or misplaced in many locations on a system, including plaintext files (e.g. Shell History), operating system or application-specific repositories (e.g. Credentials in Registry), or other specialized files/artifacts (e.g. Private Keys).",directly_supported,"Cloud Foundry NFS volume release, 1.2.x prior to 1.2.5, 1.5.x prior to 1.5.4, 1.7.x prior to 1.7.3, logs the cf admin username and password when running the nfsbrokerpush BOSH deploy errand.",The CVE description explicitly describes obtaining inadequately protected credentials; the central behavior is stated rather than inferred.,high,False,CVE description and ATT&CK technique definition only,test,source_train,7.75,0.129032258065
LSA-DF4C7ED6A654,CVE_2019_3782,"Cloud Foundry CredHub CLI, versions prior to 2.2.1, inadvertently writes authentication credentials provided via environment variables to its persistent config file. A local authenticated malicious user with access to the CredHub CLI config file can use these credentials to retrieve and modify credentials stored in CredHub that are authorized to the targeted user.",T1552,Unsecured Credentials,"Adversaries may search compromised systems to find and obtain insecurely stored credentials. These credentials can be stored and/or misplaced in many locations on a system, including plaintext files (e.g. Shell History), operating system or application-specific repositories (e.g. Credentials in Registry), or other specialized files/artifacts (e.g. Private Keys).",directly_supported,A local authenticated malicious user with access to the CredHub CLI config file can use these credentials to retrieve and modify credentials stored in CredHub that are authorized to the targeted user.,The CVE description explicitly describes obtaining inadequately protected credentials; the central behavior is stated rather than inferred.,high,False,CVE description and ATT&CK technique definition only,development,source_train,7.75,0.129032258065
LSA-835CD9D1295D,CVE_2019_6549,An attacker could retrieve plain-text credentials stored in a XML file on PR100088 Modbus gateway versions prior to Release R02 (or Software Version 1.1.13166) through FTP.,T1552,Unsecured Credentials,"Adversaries may search compromised systems to find and obtain insecurely stored credentials. These credentials can be stored and/or misplaced in many locations on a system, including plaintext files (e.g. Shell History), operating system or application-specific repositories (e.g. Credentials in Registry), or other specialized files/artifacts (e.g. Private Keys).",directly_supported,An attacker could retrieve plain-text credentials stored in a XML file on PR100088 Modbus gateway versions prior to Release R02 (or Software Version 1.1.13166) through FTP.,The CVE description explicitly describes obtaining inadequately protected credentials; the central behavior is stated rather than inferred.,high,False,CVE description and ATT&CK technique definition only,test,source_train,7.75,0.129032258065
LSA-8985E80BDDFA,CVE_2021_22661,"Changing the password on the module webpage does not require the user to type in the current password first. Thus, the password could be changed by a user or external process without knowledge of the current password on the ICX35-HWC-A and ICX35-HWC-E (Versions 1.9.62 and prior).",T1552,Unsecured Credentials,"Adversaries may search compromised systems to find and obtain insecurely stored credentials. These credentials can be stored and/or misplaced in many locations on a system, including plaintext files (e.g. Shell History), operating system or application-specific repositories (e.g. Credentials in Registry), or other specialized files/artifacts (e.g. Private Keys).",unsupported,"Thus, the password could be changed by a user or external process without knowledge of the current password on the ICX35-HWC-A and ICX35-HWC-E (Versions 1.9.62 and prior).",The CVE description concerns a different behavior or consequence and does not describe obtaining inadequately protected credentials.,high,False,CVE description and ATT&CK technique definition only,test,source_train,7.75,0.129032258065
LSA-59663B1C54C0,CVE_2021_23365,The package github.com/tyktechnologies/tyk-identity-broker before 1.1.1 are vulnerable to Authentication Bypass via the Go XML parser which can cause SAML authentication bypass. This is because the XML parser doesn’t guarantee integrity in the XML round-trip (encoding/decoding XML data).,T1552,Unsecured Credentials,"Adversaries may search compromised systems to find and obtain insecurely stored credentials. These credentials can be stored and/or misplaced in many locations on a system, including plaintext files (e.g. Shell History), operating system or application-specific repositories (e.g. Credentials in Registry), or other specialized files/artifacts (e.g. Private Keys).",unsupported,The package github.com/tyktechnologies/tyk-identity-broker before 1.1.1 are vulnerable to Authentication Bypass via the Go XML parser which can cause SAML authentication bypass.,The CVE description concerns a different behavior or consequence and does not describe obtaining inadequately protected credentials.,high,False,CVE description and ATT&CK technique definition only,test,source_train,7.75,0.129032258065
LSA-764890BB875B,CVE_2021_3037,"An information exposure through log file vulnerability exists in Palo Alto Networks PAN-OS software where the connection details for a scheduled configuration export are logged in system logs. Logged information includes the cleartext username, password, and IP address used to export the PAN-OS configuration to the destination server.",T1552,Unsecured Credentials,"Adversaries may search compromised systems to find and obtain insecurely stored credentials. These credentials can be stored and/or misplaced in many locations on a system, including plaintext files (e.g. Shell History), operating system or application-specific repositories (e.g. Credentials in Registry), or other specialized files/artifacts (e.g. Private Keys).",directly_supported,An information exposure through log file vulnerability exists in Palo Alto Networks PAN-OS software where the connection details for a scheduled configuration export are logged in system logs.,The CVE description explicitly describes obtaining inadequately protected credentials; the central behavior is stated rather than inferred.,high,False,CVE description and ATT&CK technique definition only,test,source_test,7.75,0.129032258065
LSA-715233602751,CVE_2022_0019,An insufficiently protected credentials vulnerability exists in the Palo Alto Networks GlobalProtect app on Linux that exposes the hashed credentials of GlobalProtect users that saved their password during previous GlobalProtect app sessions to other local users on the system. The exposed credentials enable a local attacker to authenticate to the GlobalProtect portal or gateway as the target user without knowing of the target user’s plaintext password. This issue impacts: GlobalProtect app 5.1 versions earlier than GlobalProtect app 5.1.10 on Linux. GlobalProtect app 5.2 versions earlier than and including GlobalProtect app 5.2.7 on Linux. GlobalProtect app 5.3 versions earlier than GlobalProtect app 5.3.2 on Linux. This issue does not affect the GlobalProtect app on other platforms.,T1552,Unsecured Credentials,"Adversaries may search compromised systems to find and obtain insecurely stored credentials. These credentials can be stored and/or misplaced in many locations on a system, including plaintext files (e.g. Shell History), operating system or application-specific repositories (e.g. Credentials in Registry), or other specialized files/artifacts (e.g. Private Keys).",directly_supported,An insufficiently protected credentials vulnerability exists in the Palo Alto Networks GlobalProtect app on Linux that exposes the hashed credentials of GlobalProtect users that saved their password during previous GlobalProtect app sessions to other local users on the system.,The CVE description explicitly describes obtaining inadequately protected credentials; the central behavior is stated rather than inferred.,high,False,CVE description and ATT&CK technique definition only,test,source_test,7.75,0.129032258065
LSA-1EABF740E14A,CVE_2018_15784,Dell Networking OS10 versions prior to 10.4.3.0 contain a vulnerability in the Phone Home feature which does not properly validate the server's certificate authority during TLS handshake. Use of an invalid or malicious certificate could potentially allow an attacker to spoof a trusted entity by using a man-in-the-middle (MITM) attack.,T1557,Adversary-in-the-Middle,"Adversaries may attempt to position themselves between two or more networked devices using an adversary-in-the-middle (AiTM) technique to support follow-on behaviors such as Network Sniffing, Transmitted Data Manipulation, or replay attacks (Exploitation for Credential Access). By abusing features of common networking protocols that can determine the flow of network traffic (e.g. ARP, DNS, LLMNR, etc.), adversaries may force a device to communicate through an adversary controlled system so they can collect information or perform additional actions. For example, adversaries may manipulate victim DNS settings to enable other malicious activities such as preventing/redirecting users from accessing legitimate sites and/or pushing additional malware. Adversaries may also manipulate DNS and leverage their position in order to intercept user credentials, including access tokens (Steal Application Access Token) and session cookies (Steal Web Session Cookie). Downgrade Attacks can also be used to establish an AiTM position, such as by negotiating a less secure, deprecated, or weaker version of communication protocol (SSL/TLS) or encryption algorithm. Adversaries may also leverage the AiTM position to attempt to monitor and/or modify traffic, such as in Transmitted Data Manipulation. Adversaries can setup a position similar to AiTM to prevent traffic from flowing to the appropriate destination, potentially to Impair Defenses and/or in support of a Network Denial of Service.",directly_supported,Dell Networking OS10 versions prior to 10.4.3.0 contain a vulnerability in the Phone Home feature which does not properly validate the server's certificate authority during TLS handshake.,The CVE description explicitly describes intercepting or altering communications in the middle; the central behavior is stated rather than inferred.,high,False,CVE description and ATT&CK technique definition only,test,source_train,10.0,0.1
LSA-5EABE9C84406,CVE_2019_1715,"A vulnerability in the Deterministic Random Bit Generator (DRBG), also known as Pseudorandom Number Generator (PRNG), used in Cisco Adaptive Security Appliance (ASA) Software and Cisco Firepower Threat Defense (FTD) Software could allow an unauthenticated, remote attacker to cause a cryptographic collision, enabling the attacker to discover the private key of an affected device. The vulnerability is due to insufficient entropy in the DRBG when generating cryptographic keys. An attacker could exploit this vulnerability by generating a large number of cryptographic keys on an affected device and looking for collisions with target devices. A successful exploit could allow the attacker to impersonate an affected target device or to decrypt traffic secured by an affected key that is sent to or from an affected target device.",T1557,Adversary-in-the-Middle,"Adversaries may attempt to position themselves between two or more networked devices using an adversary-in-the-middle (AiTM) technique to support follow-on behaviors such as Network Sniffing, Transmitted Data Manipulation, or replay attacks (Exploitation for Credential Access). By abusing features of common networking protocols that can determine the flow of network traffic (e.g. ARP, DNS, LLMNR, etc.), adversaries may force a device to communicate through an adversary controlled system so they can collect information or perform additional actions. For example, adversaries may manipulate victim DNS settings to enable other malicious activities such as preventing/redirecting users from accessing legitimate sites and/or pushing additional malware. Adversaries may also manipulate DNS and leverage their position in order to intercept user credentials, including access tokens (Steal Application Access Token) and session cookies (Steal Web Session Cookie). Downgrade Attacks can also be used to establish an AiTM position, such as by negotiating a less secure, deprecated, or weaker version of communication protocol (SSL/TLS) or encryption algorithm. Adversaries may also leverage the AiTM position to attempt to monitor and/or modify traffic, such as in Transmitted Data Manipulation. Adversaries can setup a position similar to AiTM to prevent traffic from flowing to the appropriate destination, potentially to Impair Defenses and/or in support of a Network Denial of Service.",inferential_or_plausible,"A vulnerability in the Deterministic Random Bit Generator (DRBG), also known as Pseudorandom Number Generator (PRNG), used in Cisco Adaptive Security Appliance (ASA) Software and Cisco Firepower Threat Defense (FTD) Software could allow an unauthenticated, remote attacker to cause a cryptographic collision, enabling the attacker to discov","The vulnerability could enable intercepting or altering communications in the middle, but the CVE text does not explicitly establish every element of the ATT&CK technique.",medium,False,CVE description and ATT&CK technique definition only,test,source_train,10.0,0.1
LSA-040EFB49E27F,CVE_2020_0028,"In notifyNetworkTested and related functions of NetworkMonitor.java, there is a possible bypass of private DNS settings. This could lead to remote information disclosure with no additional execution privileges needed. User interaction is needed for exploitation.Product: AndroidVersions: Android-9Android ID: A-122652057",T1557,Adversary-in-the-Middle,"Adversaries may attempt to position themselves between two or more networked devices using an adversary-in-the-middle (AiTM) technique to support follow-on behaviors such as Network Sniffing, Transmitted Data Manipulation, or replay attacks (Exploitation for Credential Access). By abusing features of common networking protocols that can determine the flow of network traffic (e.g. ARP, DNS, LLMNR, etc.), adversaries may force a device to communicate through an adversary controlled system so they can collect information or perform additional actions. For example, adversaries may manipulate victim DNS settings to enable other malicious activities such as preventing/redirecting users from accessing legitimate sites and/or pushing additional malware. Adversaries may also manipulate DNS and leverage their position in order to intercept user credentials, including access tokens (Steal Application Access Token) and session cookies (Steal Web Session Cookie). Downgrade Attacks can also be used to establish an AiTM position, such as by negotiating a less secure, deprecated, or weaker version of communication protocol (SSL/TLS) or encryption algorithm. Adversaries may also leverage the AiTM position to attempt to monitor and/or modify traffic, such as in Transmitted Data Manipulation. Adversaries can setup a position similar to AiTM to prevent traffic from flowing to the appropriate destination, potentially to Impair Defenses and/or in support of a Network Denial of Service.",inferential_or_plausible,"In notifyNetworkTested and related functions of NetworkMonitor.java, there is a possible bypass of private DNS settings.","The vulnerability could enable intercepting or altering communications in the middle, but the CVE text does not explicitly establish every element of the ATT&CK technique.",medium,False,CVE description and ATT&CK technique definition only,test,source_train,10.0,0.1
LSA-24E978F42920,CVE_2020_13955,"HttpUtils#getURLConnection method disables explicitly hostname verification for HTTPS connections making clients vulnerable to man-in-the-middle attacks. Calcite uses internally this method to connect with Druid and Splunk so information leakage may happen when using the respective Calcite adapters. The method itself is in a utility class so people may use it to create vulnerable HTTPS connections for other applications. From Apache Calcite 1.26 onwards, the hostname verification will be performed using the default JVM truststore.",T1557,Adversary-in-the-Middle,"Adversaries may attempt to position themselves between two or more networked devices using an adversary-in-the-middle (AiTM) technique to support follow-on behaviors such as Network Sniffing, Transmitted Data Manipulation, or replay attacks (Exploitation for Credential Access). By abusing features of common networking protocols that can determine the flow of network traffic (e.g. ARP, DNS, LLMNR, etc.), adversaries may force a device to communicate through an adversary controlled system so they can collect information or perform additional actions. For example, adversaries may manipulate victim DNS settings to enable other malicious activities such as preventing/redirecting users from accessing legitimate sites and/or pushing additional malware. Adversaries may also manipulate DNS and leverage their position in order to intercept user credentials, including access tokens (Steal Application Access Token) and session cookies (Steal Web Session Cookie). Downgrade Attacks can also be used to establish an AiTM position, such as by negotiating a less secure, deprecated, or weaker version of communication protocol (SSL/TLS) or encryption algorithm. Adversaries may also leverage the AiTM position to attempt to monitor and/or modify traffic, such as in Transmitted Data Manipulation. Adversaries can setup a position similar to AiTM to prevent traffic from flowing to the appropriate destination, potentially to Impair Defenses and/or in support of a Network Denial of Service.",directly_supported,HttpUtils#getURLConnection method disables explicitly hostname verification for HTTPS connections making clients vulnerable to man-in-the-middle attacks.,The CVE description explicitly describes intercepting or altering communications in the middle; the central behavior is stated rather than inferred.,high,False,CVE description and ATT&CK technique definition only,development,source_test,10.0,0.1
LSA-4A7CBCC69311,CVE_2020_1741,"A flaw was found in openshift-ansible. OpenShift Container Platform (OCP) 3.11 is too permissive in the way it specified CORS allowed origins during installation. An attacker, able to man-in-the-middle the connection between the user's browser and the openshift console, could use this flaw to perform a phishing attack. The main threat from this vulnerability is data confidentiality.",T1557,Adversary-in-the-Middle,"Adversaries may attempt to position themselves between two or more networked devices using an adversary-in-the-middle (AiTM) technique to support follow-on behaviors such as Network Sniffing, Transmitted Data Manipulation, or replay attacks (Exploitation for Credential Access). By abusing features of common networking protocols that can determine the flow of network traffic (e.g. ARP, DNS, LLMNR, etc.), adversaries may force a device to communicate through an adversary controlled system so they can collect information or perform additional actions. For example, adversaries may manipulate victim DNS settings to enable other malicious activities such as preventing/redirecting users from accessing legitimate sites and/or pushing additional malware. Adversaries may also manipulate DNS and leverage their position in order to intercept user credentials, including access tokens (Steal Application Access Token) and session cookies (Steal Web Session Cookie). Downgrade Attacks can also be used to establish an AiTM position, such as by negotiating a less secure, deprecated, or weaker version of communication protocol (SSL/TLS) or encryption algorithm. Adversaries may also leverage the AiTM position to attempt to monitor and/or modify traffic, such as in Transmitted Data Manipulation. Adversaries can setup a position similar to AiTM to prevent traffic from flowing to the appropriate destination, potentially to Impair Defenses and/or in support of a Network Denial of Service.",directly_supported,"An attacker, able to man-in-the-middle the connection between the user's browser and the openshift console, could use this flaw to perform a phishing attack.",The CVE description explicitly describes intercepting or altering communications in the middle; the central behavior is stated rather than inferred.,high,False,CVE description and ATT&CK technique definition only,test,source_train,10.0,0.1
LSA-6D6446EB7635,CVE_2020_3349,"Multiple vulnerabilities in the web-based management interface of Cisco Data Center Network Manager (DCNM) could allow an authenticated, remote attacker to conduct a cross-site scripting (XSS) attack against a user of the interface on an affected device. These vulnerabilities are due to insufficient validation of user-supplied input by the web-based management interface. An attacker could exploit these vulnerabilities by persuading a user of the interface to click a customized link. A successful exploit could allow the attacker to execute arbitrary script code in the context of the interface or access sensitive browser-based information.",T1557,Adversary-in-the-Middle,"Adversaries may attempt to position themselves between two or more networked devices using an adversary-in-the-middle (AiTM) technique to support follow-on behaviors such as Network Sniffing, Transmitted Data Manipulation, or replay attacks (Exploitation for Credential Access). By abusing features of common networking protocols that can determine the flow of network traffic (e.g. ARP, DNS, LLMNR, etc.), adversaries may force a device to communicate through an adversary controlled system so they can collect information or perform additional actions. For example, adversaries may manipulate victim DNS settings to enable other malicious activities such as preventing/redirecting users from accessing legitimate sites and/or pushing additional malware. Adversaries may also manipulate DNS and leverage their position in order to intercept user credentials, including access tokens (Steal Application Access Token) and session cookies (Steal Web Session Cookie). Downgrade Attacks can also be used to establish an AiTM position, such as by negotiating a less secure, deprecated, or weaker version of communication protocol (SSL/TLS) or encryption algorithm. Adversaries may also leverage the AiTM position to attempt to monitor and/or modify traffic, such as in Transmitted Data Manipulation. Adversaries can setup a position similar to AiTM to prevent traffic from flowing to the appropriate destination, potentially to Impair Defenses and/or in support of a Network Denial of Service.",unsupported,"Multiple vulnerabilities in the web-based management interface of Cisco Data Center Network Manager (DCNM) could allow an authenticated, remote attacker to conduct a cross-site scripting (XSS) attack against a user of the interface on an affected device.",The CVE description concerns a different behavior or consequence and does not describe intercepting or altering communications in the middle.,high,False,CVE description and ATT&CK technique definition only,test,source_train,10.0,0.1
LSA-4954BCF80822,CVE_2021_33883,A Cleartext Transmission of Sensitive Information vulnerability in B. Braun SpaceCom2 prior to 012U000062 allows a remote attacker to obtain sensitive information by snooping on the network traffic. The exposed data includes critical values for a pump's internal configuration.,T1557,Adversary-in-the-Middle,"Adversaries may attempt to position themselves between two or more networked devices using an adversary-in-the-middle (AiTM) technique to support follow-on behaviors such as Network Sniffing, Transmitted Data Manipulation, or replay attacks (Exploitation for Credential Access). By abusing features of common networking protocols that can determine the flow of network traffic (e.g. ARP, DNS, LLMNR, etc.), adversaries may force a device to communicate through an adversary controlled system so they can collect information or perform additional actions. For example, adversaries may manipulate victim DNS settings to enable other malicious activities such as preventing/redirecting users from accessing legitimate sites and/or pushing additional malware. Adversaries may also manipulate DNS and leverage their position in order to intercept user credentials, including access tokens (Steal Application Access Token) and session cookies (Steal Web Session Cookie). Downgrade Attacks can also be used to establish an AiTM position, such as by negotiating a less secure, deprecated, or weaker version of communication protocol (SSL/TLS) or encryption algorithm. Adversaries may also leverage the AiTM position to attempt to monitor and/or modify traffic, such as in Transmitted Data Manipulation. Adversaries can setup a position similar to AiTM to prevent traffic from flowing to the appropriate destination, potentially to Impair Defenses and/or in support of a Network Denial of Service.",inferential_or_plausible,Braun SpaceCom2 prior to 012U000062 allows a remote attacker to obtain sensitive information by snooping on the network traffic.,"The vulnerability could enable intercepting or altering communications in the middle, but the CVE text does not explicitly establish every element of the ATT&CK technique.",medium,False,CVE description and ATT&CK technique definition only,test,source_test,10.0,0.1
LSA-DDD3E8A6160C,CVE_2022_22156,"An Improper Certificate Validation weakness in the Juniper Networks Junos OS allows an attacker to perform Person-in-the-Middle (PitM) attacks when a system script is fetched from a remote source at a specified HTTPS URL, which may compromise the integrity and confidentiality of the device. The following command can be executed by an administrator via the CLI to refresh a script from a remote location, which is affected from this vulnerability: >request system scripts refresh-from (commit | event | extension-service | op | snmp) file filename url <https-url> This issue affects: Juniper Networks Junos OS All versions prior to 18.4R2-S9, 18.4R3-S9; 19.1 versions prior to 19.1R2-S3, 19.1R3-S7; 19.2 versions prior to 19.2R1-S7, 19.2R3-S3; 19.3 versions prior to 19.3R3-S4; 19.4 versions prior to 19.4R3-S7; 20.1 versions prior to 20.1R2-S2, 20.1R3; 20.2 versions prior to 20.2R3; 20.3 versions prior to 20.3R2-S1, 20.3R3; 20.4 versions prior to 20.4R2; 21.1 versions prior to 21.1R1-S1, 21.1R2.",T1557,Adversary-in-the-Middle,"Adversaries may attempt to position themselves between two or more networked devices using an adversary-in-the-middle (AiTM) technique to support follow-on behaviors such as Network Sniffing, Transmitted Data Manipulation, or replay attacks (Exploitation for Credential Access). By abusing features of common networking protocols that can determine the flow of network traffic (e.g. ARP, DNS, LLMNR, etc.), adversaries may force a device to communicate through an adversary controlled system so they can collect information or perform additional actions. For example, adversaries may manipulate victim DNS settings to enable other malicious activities such as preventing/redirecting users from accessing legitimate sites and/or pushing additional malware. Adversaries may also manipulate DNS and leverage their position in order to intercept user credentials, including access tokens (Steal Application Access Token) and session cookies (Steal Web Session Cookie). Downgrade Attacks can also be used to establish an AiTM position, such as by negotiating a less secure, deprecated, or weaker version of communication protocol (SSL/TLS) or encryption algorithm. Adversaries may also leverage the AiTM position to attempt to monitor and/or modify traffic, such as in Transmitted Data Manipulation. Adversaries can setup a position similar to AiTM to prevent traffic from flowing to the appropriate destination, potentially to Impair Defenses and/or in support of a Network Denial of Service.",directly_supported,"The following command can be executed by an administrator via the CLI to refresh a script from a remote location, which is affected from this vulnerability: >request system scripts refresh-from (commit | event | extension-service | op | snmp) file filename url <https-url> This issue affects: Juniper Networks Junos OS All versions prior to",The CVE description explicitly describes intercepting or altering communications in the middle; the central behavior is stated rather than inferred.,high,False,CVE description and ATT&CK technique definition only,test,source_train,10.0,0.1
LSA-B3EB29624C7A,CVE_2021_34380,"Bootloader contains a vulnerability in NVIDIA MB2 where potential heap overflow might cause corruption of the heap metadata, which might lead to arbitrary code execution, denial of service, and information disclosure during secure boot.",T1560,Archive Collected Data,"An adversary may compress and/or encrypt data that is collected prior to exfiltration. Compressing the data can help to obfuscate the collected data and minimize the amount of data sent over the network. Encryption can be used to hide information that is being exfiltrated from detection or make exfiltration less conspicuous upon inspection by a defender. Both compression and encryption are done prior to exfiltration, and can be performed using a utility, 3rd party library, or custom method.",unsupported,"Bootloader contains a vulnerability in NVIDIA MB2 where potential heap overflow might cause corruption of the heap metadata, which might lead to arbitrary code execution, denial of service, and information disclosure during secure boot.",The CVE description concerns a different behavior or consequence and does not describe compressing or archiving collected data.,high,False,CVE description and ATT&CK technique definition only,test,source_test,3.0,0.333333333333
LSA-CA973AFC06E9,CVE_2021_34398,"NVIDIA DCGM, all versions prior to 2.2.9, contains a vulnerability in the DIAG module where any user can inject shared libraries into the DCGM server, which is usually running as root, which may lead to privilege escalation, total loss of confidentiality and integrity, and complete denial of service.",T1560,Archive Collected Data,"An adversary may compress and/or encrypt data that is collected prior to exfiltration. Compressing the data can help to obfuscate the collected data and minimize the amount of data sent over the network. Encryption can be used to hide information that is being exfiltrated from detection or make exfiltration less conspicuous upon inspection by a defender. Both compression and encryption are done prior to exfiltration, and can be performed using a utility, 3rd party library, or custom method.",unsupported,"NVIDIA DCGM, all versions prior to 2.2.9, contains a vulnerability in the DIAG module where any user can inject shared libraries into the DCGM server, which is usually running as root, which may lead to privilege escalation, total loss of confidentiality and integrity, and complete denial of service.",The CVE description concerns a different behavior or consequence and does not describe compressing or archiving collected data.,high,False,CVE description and ATT&CK technique definition only,test,source_train,3.0,0.333333333333
LSA-F2273DD026DB,CVE_2021_34485,.NET Core and Visual Studio Information Disclosure Vulnerability,T1560,Archive Collected Data,"An adversary may compress and/or encrypt data that is collected prior to exfiltration. Compressing the data can help to obfuscate the collected data and minimize the amount of data sent over the network. Encryption can be used to hide information that is being exfiltrated from detection or make exfiltration less conspicuous upon inspection by a defender. Both compression and encryption are done prior to exfiltration, and can be performed using a utility, 3rd party library, or custom method.",insufficient_text,.NET Core and Visual Studio Information Disclosure Vulnerability,The supplied CVE description is too sparse or underspecified to determine whether it supports compressing or archiving collected data.,medium,True,CVE description and ATT&CK technique definition only,test,source_train,3.0,0.333333333333
LSA-A5A80735CE78,CVE_2021_34553,Sonatype Nexus Repository Manager 3.x before 3.31.0 allows a remote authenticated attacker to get a list of blob files and read the content of a blob file (via a GET request) without having been granted access.,T1560,Archive Collected Data,"An adversary may compress and/or encrypt data that is collected prior to exfiltration. Compressing the data can help to obfuscate the collected data and minimize the amount of data sent over the network. Encryption can be used to hide information that is being exfiltrated from detection or make exfiltration less conspicuous upon inspection by a defender. Both compression and encryption are done prior to exfiltration, and can be performed using a utility, 3rd party library, or custom method.",unsupported,Sonatype Nexus Repository Manager 3.x before 3.31.0 allows a remote authenticated attacker to get a list of blob files and read the content of a blob file (via a GET request) without having been granted access.,The CVE description concerns a different behavior or consequence and does not describe compressing or archiving collected data.,high,False,CVE description and ATT&CK technique definition only,development,source_train,3.0,0.333333333333
LSA-99BF768086AA,CVE_2021_34647,"The Ninja Forms WordPress plugin is vulnerable to sensitive information disclosure via the bulk_export_submissions function found in the ~/includes/Routes/Submissions.php file, in versions up to and including 3.5.7. This allows authenticated attackers to export all Ninja Forms submissions data via the /ninja-forms-submissions/export REST API which can include personally identifiable information.",T1560,Archive Collected Data,"An adversary may compress and/or encrypt data that is collected prior to exfiltration. Compressing the data can help to obfuscate the collected data and minimize the amount of data sent over the network. Encryption can be used to hide information that is being exfiltrated from detection or make exfiltration less conspicuous upon inspection by a defender. Both compression and encryption are done prior to exfiltration, and can be performed using a utility, 3rd party library, or custom method.",inferential_or_plausible,"The Ninja Forms WordPress plugin is vulnerable to sensitive information disclosure via the bulk_export_submissions function found in the ~/includes/Routes/Submissions.php file, in versions up to and including 3.5.7.","The vulnerability could enable compressing or archiving collected data, but the CVE text does not explicitly establish every element of the ATT&CK technique.",low,True,CVE description and ATT&CK technique definition only,development,source_train,3.0,0.333333333333
LSA-65EE8A62BAC0,CVE_2021_34675,Basix NEX-Forms through 7.8.7 allows authentication bypass for stored PDF reports.,T1560,Archive Collected Data,"An adversary may compress and/or encrypt data that is collected prior to exfiltration. Compressing the data can help to obfuscate the collected data and minimize the amount of data sent over the network. Encryption can be used to hide information that is being exfiltrated from detection or make exfiltration less conspicuous upon inspection by a defender. Both compression and encryption are done prior to exfiltration, and can be performed using a utility, 3rd party library, or custom method.",unsupported,Basix NEX-Forms through 7.8.7 allows authentication bypass for stored PDF reports.,The CVE description concerns a different behavior or consequence and does not describe compressing or archiving collected data.,high,False,CVE description and ATT&CK technique definition only,test,source_test,3.0,0.333333333333
LSA-33AEDDA3E36E,CVE_2021_34693,net/can/bcm.c in the Linux kernel through 5.12.10 allows local users to obtain sensitive information from kernel stack memory because parts of a data structure are uninitialized.,T1560,Archive Collected Data,"An adversary may compress and/or encrypt data that is collected prior to exfiltration. Compressing the data can help to obfuscate the collected data and minimize the amount of data sent over the network. Encryption can be used to hide information that is being exfiltrated from detection or make exfiltration less conspicuous upon inspection by a defender. Both compression and encryption are done prior to exfiltration, and can be performed using a utility, 3rd party library, or custom method.",unsupported,net/can/bcm.c in the Linux kernel through 5.12.10 allows local users to obtain sensitive information from kernel stack memory because parts of a data structure are uninitialized.,The CVE description concerns a different behavior or consequence and does not describe compressing or archiving collected data.,high,False,CVE description and ATT&CK technique definition only,test,source_test,3.0,0.333333333333
LSA-7EB00A9DE826,CVE_2021_34749,"A vulnerability in Server Name Identification (SNI) request filtering of Cisco Web Security Appliance (WSA), Cisco Firepower Threat Defense (FTD), and the Snort detection engine could allow an unauthenticated, remote attacker to bypass filtering technology on an affected device and exfiltrate data from a compromised host. This vulnerability is due to inadequate filtering of the SSL handshake. An attacker could exploit this vulnerability by using data from the SSL client hello packet to communicate with an external server. A successful exploit could allow the attacker to execute a command-and-control attack on a compromised host and perform additional data exfiltration attacks.",T1560,Archive Collected Data,"An adversary may compress and/or encrypt data that is collected prior to exfiltration. Compressing the data can help to obfuscate the collected data and minimize the amount of data sent over the network. Encryption can be used to hide information that is being exfiltrated from detection or make exfiltration less conspicuous upon inspection by a defender. Both compression and encryption are done prior to exfiltration, and can be performed using a utility, 3rd party library, or custom method.",unsupported,"A vulnerability in Server Name Identification (SNI) request filtering of Cisco Web Security Appliance (WSA), Cisco Firepower Threat Defense (FTD), and the Snort detection engine could allow an unauthenticated, remote attacker to bypass filtering technology on an affected device and exfiltrate data from a compromised host.",The CVE description concerns a different behavior or consequence and does not describe compressing or archiving collected data.,high,False,CVE description and ATT&CK technique definition only,test,source_train,3.0,0.333333333333
LSA-AAF716D3C7BA,CVE_2018_8607,"A cross site scripting vulnerability exists when Microsoft Dynamics 365 (on-premises) version 8 does not properly sanitize a specially crafted web request to an affected Dynamics server, aka ""Microsoft Dynamics 365 (on-premises) version 8 Cross Site Scripting Vulnerability."" This affects Microsoft Dynamics 365. This CVE ID is unique from CVE-2018-8605, CVE-2018-8606, CVE-2018-8608.",T1565,Data Manipulation,"Adversaries may insert, delete, or manipulate data in order to influence external outcomes or hide activity, thus threatening the integrity of the data. By manipulating data, adversaries may attempt to affect a business process, organizational understanding, or decision making. The type of modification and the impact it will have depends on the target application and process as well as the goals and objectives of the adversary. For complex systems, an adversary would likely need special expertise and possibly access to specialized software related to the system that would typically be gained through a prolonged information gathering campaign in order to have the desired impact.",inferential_or_plausible,"A cross site scripting vulnerability exists when Microsoft Dynamics 365 (on-premises) version 8 does not properly sanitize a specially crafted web request to an affected Dynamics server, aka ""Microsoft Dynamics 365 (on-premises) version 8 Cross Site Scripting Vulnerability."" This affects Microsoft Dynamics 365.","The vulnerability could enable altering data or configuration, but the CVE text does not explicitly establish every element of the ATT&CK technique.",medium,False,CVE description and ATT&CK technique definition only,test,source_train,10.625,0.0941176470588
LSA-9A2226B84A18,CVE_2019_1031,"A cross-site-scripting (XSS) vulnerability exists when Microsoft SharePoint Server does not properly sanitize a specially crafted web request to an affected SharePoint server, aka 'Microsoft Office SharePoint XSS Vulnerability'. This CVE ID is unique from CVE-2019-1032, CVE-2019-1033, CVE-2019-1036.",T1565,Data Manipulation,"Adversaries may insert, delete, or manipulate data in order to influence external outcomes or hide activity, thus threatening the integrity of the data. By manipulating data, adversaries may attempt to affect a business process, organizational understanding, or decision making. The type of modification and the impact it will have depends on the target application and process as well as the goals and objectives of the adversary. For complex systems, an adversary would likely need special expertise and possibly access to specialized software related to the system that would typically be gained through a prolonged information gathering campaign in order to have the desired impact.",inferential_or_plausible,"A cross-site-scripting (XSS) vulnerability exists when Microsoft SharePoint Server does not properly sanitize a specially crafted web request to an affected SharePoint server, aka 'Microsoft Office SharePoint XSS Vulnerability'.","The vulnerability could enable altering data or configuration, but the CVE text does not explicitly establish every element of the ATT&CK technique.",medium,False,CVE description and ATT&CK technique definition only,test,source_train,10.625,0.0941176470588
LSA-E2DE14B62327,CVE_2019_15972,"A vulnerability in the web-based management interface of Cisco Unified Communications Manager could allow an authenticated, remote attacker to conduct SQL injection attacks on an affected system. The vulnerability exists because the web-based management interface improperly validates SQL values. An attacker could exploit this vulnerability by authenticating to the application and sending malicious requests to an affected system. A successful exploit could allow the attacker to modify values on or return values from the underlying database.",T1565,Data Manipulation,"Adversaries may insert, delete, or manipulate data in order to influence external outcomes or hide activity, thus threatening the integrity of the data. By manipulating data, adversaries may attempt to affect a business process, organizational understanding, or decision making. The type of modification and the impact it will have depends on the target application and process as well as the goals and objectives of the adversary. For complex systems, an adversary would likely need special expertise and possibly access to specialized software related to the system that would typically be gained through a prolonged information gathering campaign in order to have the desired impact.",directly_supported,"A vulnerability in the web-based management interface of Cisco Unified Communications Manager could allow an authenticated, remote attacker to conduct SQL injection attacks on an affected system.",The CVE description explicitly describes altering data or configuration; the central behavior is stated rather than inferred.,high,False,CVE description and ATT&CK technique definition only,test,source_train,10.625,0.0941176470588
LSA-EDBFEE5741D5,CVE_2019_1943,"A vulnerability in the web interface of Cisco Small Business 200, 300, and 500 Series Switches software could allow an unauthenticated, remote attacker to redirect a user to a malicious web page. The vulnerability is due to improper input validation of the parameters of an HTTP request. An attacker could exploit this vulnerability by intercepting a user's HTTP request and modifying it into a request that causes the web interface to redirect the user to a specific malicious URL. This type of vulnerability is known as an open redirect attack and is used in phishing attacks that get users to unknowingly visit malicious sites.",T1565,Data Manipulation,"Adversaries may insert, delete, or manipulate data in order to influence external outcomes or hide activity, thus threatening the integrity of the data. By manipulating data, adversaries may attempt to affect a business process, organizational understanding, or decision making. The type of modification and the impact it will have depends on the target application and process as well as the goals and objectives of the adversary. For complex systems, an adversary would likely need special expertise and possibly access to specialized software related to the system that would typically be gained through a prolonged information gathering campaign in order to have the desired impact.",unsupported,"A vulnerability in the web interface of Cisco Small Business 200, 300, and 500 Series Switches software could allow an unauthenticated, remote attacker to redirect a user to a malicious web page.",The CVE description concerns a different behavior or consequence and does not describe altering data or configuration.,high,False,CVE description and ATT&CK technique definition only,test,source_test,10.625,0.0941176470588
LSA-3C50AE2345E5,CVE_2020_3549,"A vulnerability in the sftunnel functionality of Cisco Firepower Management Center (FMC) Software and Cisco Firepower Threat Defense (FTD) Software could allow an unauthenticated, remote attacker to obtain the device registration hash. The vulnerability is due to insufficient sftunnel negotiation protection during initial device registration. An attacker in a man-in-the-middle position could exploit this vulnerability by intercepting a specific flow of the sftunnel communication between an FMC device and an FTD device. A successful exploit could allow the attacker to decrypt and modify the sftunnel communication between FMC and FTD devices, allowing the attacker to modify configuration data sent from an FMC device to an FTD device or alert data sent from an FTD device to an FMC device.",T1565,Data Manipulation,"Adversaries may insert, delete, or manipulate data in order to influence external outcomes or hide activity, thus threatening the integrity of the data. By manipulating data, adversaries may attempt to affect a business process, organizational understanding, or decision making. The type of modification and the impact it will have depends on the target application and process as well as the goals and objectives of the adversary. For complex systems, an adversary would likely need special expertise and possibly access to specialized software related to the system that would typically be gained through a prolonged information gathering campaign in order to have the desired impact.",directly_supported,"A successful exploit could allow the attacker to decrypt and modify the sftunnel communication between FMC and FTD devices, allowing the attacker to modify configuration data sent from an FMC device to an FTD device or alert data sent from an FTD device to an FMC device.",The CVE description explicitly describes altering data or configuration; the central behavior is stated rather than inferred.,high,False,CVE description and ATT&CK technique definition only,test,source_train,10.625,0.0941176470588
LSA-0B40CE5669C8,CVE_2020_9819,"A memory consumption issue was addressed with improved memory handling. This issue is fixed in iOS 13.5 and iPadOS 13.5, iOS 12.4.7, watchOS 6.2.5, watchOS 5.3.7. Processing a maliciously crafted mail message may lead to heap corruption.",T1565,Data Manipulation,"Adversaries may insert, delete, or manipulate data in order to influence external outcomes or hide activity, thus threatening the integrity of the data. By manipulating data, adversaries may attempt to affect a business process, organizational understanding, or decision making. The type of modification and the impact it will have depends on the target application and process as well as the goals and objectives of the adversary. For complex systems, an adversary would likely need special expertise and possibly access to specialized software related to the system that would typically be gained through a prolonged information gathering campaign in order to have the desired impact.",unsupported,"This issue is fixed in iOS 13.5 and iPadOS 13.5, iOS 12.4.7, watchOS 6.2.5, watchOS 5.3.7.",The CVE description concerns a different behavior or consequence and does not describe altering data or configuration.,high,False,CVE description and ATT&CK technique definition only,development,source_train,10.625,0.0941176470588
LSA-AAACE742BA12,CVE_2021_21551,"Dell dbutil_2_3.sys driver contains an insufficient access control vulnerability which may lead to escalation of privileges, denial of service, or information disclosure. Local authenticated user access is required.",T1565,Data Manipulation,"Adversaries may insert, delete, or manipulate data in order to influence external outcomes or hide activity, thus threatening the integrity of the data. By manipulating data, adversaries may attempt to affect a business process, organizational understanding, or decision making. The type of modification and the impact it will have depends on the target application and process as well as the goals and objectives of the adversary. For complex systems, an adversary would likely need special expertise and possibly access to specialized software related to the system that would typically be gained through a prolonged information gathering campaign in order to have the desired impact.",unsupported,"Dell dbutil_2_3.sys driver contains an insufficient access control vulnerability which may lead to escalation of privileges, denial of service, or information disclosure.",The CVE description concerns a different behavior or consequence and does not describe altering data or configuration.,high,False,CVE description and ATT&CK technique definition only,test,source_train,10.625,0.0941176470588
LSA-56660818CA49,CVE_2021_34578,This vulnerability allows an attacker who has access to the WBM to read and write settings-parameters of the device by sending specifically constructed requests without authentication on multiple WAGO PLCs in firmware versions up to FW07.,T1565,Data Manipulation,"Adversaries may insert, delete, or manipulate data in order to influence external outcomes or hide activity, thus threatening the integrity of the data. By manipulating data, adversaries may attempt to affect a business process, organizational understanding, or decision making. The type of modification and the impact it will have depends on the target application and process as well as the goals and objectives of the adversary. For complex systems, an adversary would likely need special expertise and possibly access to specialized software related to the system that would typically be gained through a prolonged information gathering campaign in order to have the desired impact.",directly_supported,This vulnerability allows an attacker who has access to the WBM to read and write settings-parameters of the device by sending specifically constructed requests without authentication on multiple WAGO PLCs in firmware versions up to FW07.,The CVE description explicitly describes altering data or configuration; the central behavior is stated rather than inferred.,high,False,CVE description and ATT&CK technique definition only,test,source_train,10.625,0.0941176470588
LSA-DE122F56A997,CVE_2013_3906,"GDI+ in Microsoft Windows Vista SP2 and Server 2008 SP2; Office 2003 SP3, 2007 SP3, and 2010 SP1 and SP2; Office Compatibility Pack SP3; and Lync 2010, 2010 Attendee, 2013, and Basic 2013 allows remote attackers to execute arbitrary code via a crafted TIFF image, as demonstrated by an image in a Word document, and exploited in the wild in October and November 2013.",T1566,Phishing,"Adversaries may send phishing messages to gain access to victim systems. All forms of phishing are electronically delivered social engineering. Phishing can be targeted, known as spearphishing. In spearphishing, a specific individual, company, or industry will be targeted by the adversary. More generally, adversaries can conduct non-targeted phishing, such as in mass malware spam campaigns. Adversaries may send victims emails containing malicious attachments or links, typically to execute malicious code on victim systems. Phishing may also be conducted via third-party services, like social media platforms. Phishing may also involve social engineering techniques, such as posing as a trusted source, as well as evasive techniques such as removing or manipulating emails or metadata/headers from compromised accounts being abused to send messages (e.g., Email Hiding Rules). Another way to accomplish this is by Email Spoofing the identity of the sender, which can be used to fool both the human recipient as well as automated security tools, or by including the intended target as a party to an existing email thread that includes malicious files or links (i.e., ""thread hijacking""). Victims may also receive phishing messages that instruct them to call a phone number where they are directed to visit a malicious URL, download malware, or install adversary-accessible remote management tools onto their computer (i.e., User Execution).",inferential_or_plausible,"GDI+ in Microsoft Windows Vista SP2 and Server 2008 SP2; Office 2003 SP3, 2007 SP3, and 2010 SP1 and SP2; Office Compatibility Pack SP3; and Lync 2010, 2010 Attendee, 2013, and Basic 2013 allows remote attackers to execute arbitrary code via a crafted TIFF image, as demonstrated by an image in a Word document, and exploited in the wild in","The vulnerability could enable delivering a socially engineered message, link, or attachment, but the CVE text does not explicitly establish every element of the ATT&CK technique.",medium,False,CVE description and ATT&CK technique definition only,test,source_train,6.75,0.148148148148
LSA-69809B312CD8,CVE_2017_14487,"The OhMiBod Remote app for Android and iOS allows remote attackers to impersonate users by sniffing network traffic for search responses from the OhMiBod API server and then editing the username, user_id, and token fields in data/data/com.ohmibod.remote2/shared_prefs/OMB.xml.",T1566,Phishing,"Adversaries may send phishing messages to gain access to victim systems. All forms of phishing are electronically delivered social engineering. Phishing can be targeted, known as spearphishing. In spearphishing, a specific individual, company, or industry will be targeted by the adversary. More generally, adversaries can conduct non-targeted phishing, such as in mass malware spam campaigns. Adversaries may send victims emails containing malicious attachments or links, typically to execute malicious code on victim systems. Phishing may also be conducted via third-party services, like social media platforms. Phishing may also involve social engineering techniques, such as posing as a trusted source, as well as evasive techniques such as removing or manipulating emails or metadata/headers from compromised accounts being abused to send messages (e.g., Email Hiding Rules). Another way to accomplish this is by Email Spoofing the identity of the sender, which can be used to fool both the human recipient as well as automated security tools, or by including the intended target as a party to an existing email thread that includes malicious files or links (i.e., ""thread hijacking""). Victims may also receive phishing messages that instruct them to call a phone number where they are directed to visit a malicious URL, download malware, or install adversary-accessible remote management tools onto their computer (i.e., User Execution).",unsupported,"The OhMiBod Remote app for Android and iOS allows remote attackers to impersonate users by sniffing network traffic for search responses from the OhMiBod API server and then editing the username, user_id, and token fields in data/data/com.ohmibod.remote2/shared_prefs/OMB.xml.","The CVE description concerns a different behavior or consequence and does not describe delivering a socially engineered message, link, or attachment.",high,False,CVE description and ATT&CK technique definition only,test,source_train,6.75,0.148148148148
LSA-37A1CD0AAF86,CVE_2019_3778,"Spring Security OAuth, versions 2.3 prior to 2.3.5, and 2.2 prior to 2.2.4, and 2.1 prior to 2.1.4, and 2.0 prior to 2.0.17, and older unsupported versions could be susceptible to an open redirector attack that can leak an authorization code. A malicious user or attacker can craft a request to the authorization endpoint using the authorization code grant type, and specify a manipulated redirection URI via the ""redirect_uri"" parameter. This can cause the authorization server to redirect the resource owner user-agent to a URI under the control of the attacker with the leaked authorization code. This vulnerability exposes applications that meet all of the following requirements: Act in the role of an Authorization Server (e.g. @EnableAuthorizationServer) and uses the DefaultRedirectResolver in the AuthorizationEndpoint. This vulnerability does not expose applications that: Act in the role of an Authorization Server and uses a different RedirectResolver implementation other than DefaultRedirectResolver, act in the role of a Resource Server only (e.g. @EnableResourceServer), act in the role of a Client only (e.g. @EnableOAuthClient).",T1566,Phishing,"Adversaries may send phishing messages to gain access to victim systems. All forms of phishing are electronically delivered social engineering. Phishing can be targeted, known as spearphishing. In spearphishing, a specific individual, company, or industry will be targeted by the adversary. More generally, adversaries can conduct non-targeted phishing, such as in mass malware spam campaigns. Adversaries may send victims emails containing malicious attachments or links, typically to execute malicious code on victim systems. Phishing may also be conducted via third-party services, like social media platforms. Phishing may also involve social engineering techniques, such as posing as a trusted source, as well as evasive techniques such as removing or manipulating emails or metadata/headers from compromised accounts being abused to send messages (e.g., Email Hiding Rules). Another way to accomplish this is by Email Spoofing the identity of the sender, which can be used to fool both the human recipient as well as automated security tools, or by including the intended target as a party to an existing email thread that includes malicious files or links (i.e., ""thread hijacking""). Victims may also receive phishing messages that instruct them to call a phone number where they are directed to visit a malicious URL, download malware, or install adversary-accessible remote management tools onto their computer (i.e., User Execution).",inferential_or_plausible,"This vulnerability does not expose applications that: Act in the role of an Authorization Server and uses a different RedirectResolver implementation other than DefaultRedirectResolver, act in the role of a Resource Server only (e.g. @EnableResourceServer), act in the role of a Client only (e.g. @EnableOAuthClient).","The vulnerability could enable delivering a socially engineered message, link, or attachment, but the CVE text does not explicitly establish every element of the ATT&CK technique.",medium,False,CVE description and ATT&CK technique definition only,test,source_train,6.75,0.148148148148
LSA-FB6FDA004EDF,CVE_2020_15233,"ORY Fosite is a security first OAuth2 &amp; OpenID Connect framework for Go. In Fosite from version 0.30.2 and before version 0.34.1, there is an issue in which an an attacker can override the registered redirect URL by performing an OAuth flow and requesting a redirect URL that is to the loopback adapter. Attackers can provide both custom URL query parameters to their loopback redirect URL, as well as actually overriding the host of the registered redirect URL. These attacks are only applicable in scenarios where the attacker has access over the loopback interface. This vulnerability has been patched in ORY Fosite v0.34.1.",T1566,Phishing,"Adversaries may send phishing messages to gain access to victim systems. All forms of phishing are electronically delivered social engineering. Phishing can be targeted, known as spearphishing. In spearphishing, a specific individual, company, or industry will be targeted by the adversary. More generally, adversaries can conduct non-targeted phishing, such as in mass malware spam campaigns. Adversaries may send victims emails containing malicious attachments or links, typically to execute malicious code on victim systems. Phishing may also be conducted via third-party services, like social media platforms. Phishing may also involve social engineering techniques, such as posing as a trusted source, as well as evasive techniques such as removing or manipulating emails or metadata/headers from compromised accounts being abused to send messages (e.g., Email Hiding Rules). Another way to accomplish this is by Email Spoofing the identity of the sender, which can be used to fool both the human recipient as well as automated security tools, or by including the intended target as a party to an existing email thread that includes malicious files or links (i.e., ""thread hijacking""). Victims may also receive phishing messages that instruct them to call a phone number where they are directed to visit a malicious URL, download malware, or install adversary-accessible remote management tools onto their computer (i.e., User Execution).",inferential_or_plausible,"In Fosite from version 0.30.2 and before version 0.34.1, there is an issue in which an an attacker can override the registered redirect URL by performing an OAuth flow and requesting a redirect URL that is to the loopback adapter.","The vulnerability could enable delivering a socially engineered message, link, or attachment, but the CVE text does not explicitly establish every element of the ATT&CK technique.",medium,False,CVE description and ATT&CK technique definition only,test,source_test,6.75,0.148148148148
LSA-1D56F75B9B6E,CVE_2020_1741,"A flaw was found in openshift-ansible. OpenShift Container Platform (OCP) 3.11 is too permissive in the way it specified CORS allowed origins during installation. An attacker, able to man-in-the-middle the connection between the user's browser and the openshift console, could use this flaw to perform a phishing attack. The main threat from this vulnerability is data confidentiality.",T1566,Phishing,"Adversaries may send phishing messages to gain access to victim systems. All forms of phishing are electronically delivered social engineering. Phishing can be targeted, known as spearphishing. In spearphishing, a specific individual, company, or industry will be targeted by the adversary. More generally, adversaries can conduct non-targeted phishing, such as in mass malware spam campaigns. Adversaries may send victims emails containing malicious attachments or links, typically to execute malicious code on victim systems. Phishing may also be conducted via third-party services, like social media platforms. Phishing may also involve social engineering techniques, such as posing as a trusted source, as well as evasive techniques such as removing or manipulating emails or metadata/headers from compromised accounts being abused to send messages (e.g., Email Hiding Rules). Another way to accomplish this is by Email Spoofing the identity of the sender, which can be used to fool both the human recipient as well as automated security tools, or by including the intended target as a party to an existing email thread that includes malicious files or links (i.e., ""thread hijacking""). Victims may also receive phishing messages that instruct them to call a phone number where they are directed to visit a malicious URL, download malware, or install adversary-accessible remote management tools onto their computer (i.e., User Execution).",directly_supported,"An attacker, able to man-in-the-middle the connection between the user's browser and the openshift console, could use this flaw to perform a phishing attack.","The CVE description explicitly describes delivering a socially engineered message, link, or attachment; the central behavior is stated rather than inferred.",high,False,CVE description and ATT&CK technique definition only,test,source_train,6.75,0.148148148148
LSA-D73940BBFAF6,CVE_2020_4653,"IBM Planning Analytics 2.0 could allow a remote attacker to conduct phishing attacks, using an open redirect attack. By persuading a victim to visit a specially-crafted Web site, a remote attacker could exploit this vulnerability to spoof the URL displayed to redirect a user to a malicious Web site that would appear to be trusted. This could allow the attacker to obtain highly sensitive information or conduct further attacks against the victim.",T1566,Phishing,"Adversaries may send phishing messages to gain access to victim systems. All forms of phishing are electronically delivered social engineering. Phishing can be targeted, known as spearphishing. In spearphishing, a specific individual, company, or industry will be targeted by the adversary. More generally, adversaries can conduct non-targeted phishing, such as in mass malware spam campaigns. Adversaries may send victims emails containing malicious attachments or links, typically to execute malicious code on victim systems. Phishing may also be conducted via third-party services, like social media platforms. Phishing may also involve social engineering techniques, such as posing as a trusted source, as well as evasive techniques such as removing or manipulating emails or metadata/headers from compromised accounts being abused to send messages (e.g., Email Hiding Rules). Another way to accomplish this is by Email Spoofing the identity of the sender, which can be used to fool both the human recipient as well as automated security tools, or by including the intended target as a party to an existing email thread that includes malicious files or links (i.e., ""thread hijacking""). Victims may also receive phishing messages that instruct them to call a phone number where they are directed to visit a malicious URL, download malware, or install adversary-accessible remote management tools onto their computer (i.e., User Execution).",directly_supported,"By persuading a victim to visit a specially-crafted Web site, a remote attacker could exploit this vulnerability to spoof the URL displayed to redirect a user to a malicious Web site that would appear to be trusted.","The CVE description explicitly describes delivering a socially engineered message, link, or attachment; the central behavior is stated rather than inferred.",high,False,CVE description and ATT&CK technique definition only,test,source_train,6.75,0.148148148148
LSA-CA23C72D5A8A,CVE_2021_22893,Pulse Connect Secure 9.0R3/9.1R1 and higher is vulnerable to an authentication bypass vulnerability exposed by the Windows File Share Browser and Pulse Secure Collaboration features of Pulse Connect Secure that can allow an unauthenticated user to perform remote arbitrary code execution on the Pulse Connect Secure gateway. This vulnerability has been exploited in the wild.,T1566,Phishing,"Adversaries may send phishing messages to gain access to victim systems. All forms of phishing are electronically delivered social engineering. Phishing can be targeted, known as spearphishing. In spearphishing, a specific individual, company, or industry will be targeted by the adversary. More generally, adversaries can conduct non-targeted phishing, such as in mass malware spam campaigns. Adversaries may send victims emails containing malicious attachments or links, typically to execute malicious code on victim systems. Phishing may also be conducted via third-party services, like social media platforms. Phishing may also involve social engineering techniques, such as posing as a trusted source, as well as evasive techniques such as removing or manipulating emails or metadata/headers from compromised accounts being abused to send messages (e.g., Email Hiding Rules). Another way to accomplish this is by Email Spoofing the identity of the sender, which can be used to fool both the human recipient as well as automated security tools, or by including the intended target as a party to an existing email thread that includes malicious files or links (i.e., ""thread hijacking""). Victims may also receive phishing messages that instruct them to call a phone number where they are directed to visit a malicious URL, download malware, or install adversary-accessible remote management tools onto their computer (i.e., User Execution).",unsupported,Pulse Connect Secure 9.0R3/9.1R1 and higher is vulnerable to an authentication bypass vulnerability exposed by the Windows File Share Browser and Pulse Secure Collaboration features of Pulse Connect Secure that can allow an unauthenticated user to perform remote arbitrary code execution on the Pulse Connect Secure gateway.,"The CVE description concerns a different behavior or consequence and does not describe delivering a socially engineered message, link, or attachment.",high,False,CVE description and ATT&CK technique definition only,development,source_train,6.75,0.148148148148
LSA-86678E18DA71,CVE_2021_34648,"The Ninja Forms WordPress plugin is vulnerable to arbitrary email sending via the trigger_email_action function found in the ~/includes/Routes/Submissions.php file, in versions up to and including 3.5.7. This allows authenticated attackers to send arbitrary emails from the affected server via the /ninja-forms-submissions/email-action REST API which can be used to socially engineer victims.",T1566,Phishing,"Adversaries may send phishing messages to gain access to victim systems. All forms of phishing are electronically delivered social engineering. Phishing can be targeted, known as spearphishing. In spearphishing, a specific individual, company, or industry will be targeted by the adversary. More generally, adversaries can conduct non-targeted phishing, such as in mass malware spam campaigns. Adversaries may send victims emails containing malicious attachments or links, typically to execute malicious code on victim systems. Phishing may also be conducted via third-party services, like social media platforms. Phishing may also involve social engineering techniques, such as posing as a trusted source, as well as evasive techniques such as removing or manipulating emails or metadata/headers from compromised accounts being abused to send messages (e.g., Email Hiding Rules). Another way to accomplish this is by Email Spoofing the identity of the sender, which can be used to fool both the human recipient as well as automated security tools, or by including the intended target as a party to an existing email thread that includes malicious files or links (i.e., ""thread hijacking""). Victims may also receive phishing messages that instruct them to call a phone number where they are directed to visit a malicious URL, download malware, or install adversary-accessible remote management tools onto their computer (i.e., User Execution).",directly_supported,"The Ninja Forms WordPress plugin is vulnerable to arbitrary email sending via the trigger_email_action function found in the ~/includes/Routes/Submissions.php file, in versions up to and including 3.5.7.","The CVE description explicitly describes delivering a socially engineered message, link, or attachment; the central behavior is stated rather than inferred.",high,False,CVE description and ATT&CK technique definition only,test,source_train,6.75,0.148148148148
LSA-4405F762D5EF,CVE_2018_10610,"An out-of-bounds vulnerability in LeviStudioU, Versions 1.8.29 and 1.8.44 can be exploited when the application processes specially crafted project files.",T1574,Hijack Execution Flow,"Adversaries may execute their own malicious payloads by hijacking the way operating systems run programs. Hijacking execution flow can be for the purposes of persistence, since this hijacked execution may reoccur over time. Adversaries may also use these mechanisms to elevate privileges or evade defenses, such as application control or other restrictions on execution. There are many ways an adversary may hijack the flow of execution, including by manipulating how the operating system locates programs to be executed. How the operating system locates libraries to be used by a program can also be intercepted. Locations where the operating system looks for programs/resources, such as file directories and in the case of Windows the Registry, could also be poisoned to include malicious payloads.",unsupported,"An out-of-bounds vulnerability in LeviStudioU, Versions 1.8.29 and 1.8.44 can be exploited when the application processes specially crafted project files.",The CVE description concerns a different behavior or consequence and does not describe redirecting execution through loader or search-path hijacking.,high,False,CVE description and ATT&CK technique definition only,test,source_train,16.625,0.0601503759398
LSA-1789FD973CAE,CVE_2018_8111,"A remote code execution vulnerability exists when Microsoft Edge improperly accesses objects in memory, aka ""Microsoft Edge Memory Corruption Vulnerability."" This affects Microsoft Edge. This CVE ID is unique from CVE-2018-8110, CVE-2018-8236.",T1574,Hijack Execution Flow,"Adversaries may execute their own malicious payloads by hijacking the way operating systems run programs. Hijacking execution flow can be for the purposes of persistence, since this hijacked execution may reoccur over time. Adversaries may also use these mechanisms to elevate privileges or evade defenses, such as application control or other restrictions on execution. There are many ways an adversary may hijack the flow of execution, including by manipulating how the operating system locates programs to be executed. How the operating system locates libraries to be used by a program can also be intercepted. Locations where the operating system looks for programs/resources, such as file directories and in the case of Windows the Registry, could also be poisoned to include malicious payloads.",unsupported,"A remote code execution vulnerability exists when Microsoft Edge improperly accesses objects in memory, aka ""Microsoft Edge Memory Corruption Vulnerability."" This affects Microsoft Edge.",The CVE description concerns a different behavior or consequence and does not describe redirecting execution through loader or search-path hijacking.,high,False,CVE description and ATT&CK technique definition only,test,source_train,16.625,0.0601503759398
LSA-2793AFB247CF,CVE_2019_0576,"A remote code execution vulnerability exists when the Windows Jet Database Engine improperly handles objects in memory, aka ""Jet Database Engine Remote Code Execution Vulnerability."" This affects Windows 7, Windows Server 2012 R2, Windows RT 8.1, Windows Server 2008, Windows Server 2019, Windows Server 2012, Windows 8.1, Windows Server 2016, Windows Server 2008 R2, Windows 10, Windows 10 Servers. This CVE ID is unique from CVE-2019-0538, CVE-2019-0575, CVE-2019-0577, CVE-2019-0578, CVE-2019-0579, CVE-2019-0580, CVE-2019-0581, CVE-2019-0582, CVE-2019-0583, CVE-2019-0584.",T1574,Hijack Execution Flow,"Adversaries may execute their own malicious payloads by hijacking the way operating systems run programs. Hijacking execution flow can be for the purposes of persistence, since this hijacked execution may reoccur over time. Adversaries may also use these mechanisms to elevate privileges or evade defenses, such as application control or other restrictions on execution. There are many ways an adversary may hijack the flow of execution, including by manipulating how the operating system locates programs to be executed. How the operating system locates libraries to be used by a program can also be intercepted. Locations where the operating system looks for programs/resources, such as file directories and in the case of Windows the Registry, could also be poisoned to include malicious payloads.",unsupported,"A remote code execution vulnerability exists when the Windows Jet Database Engine improperly handles objects in memory, aka ""Jet Database Engine Remote Code Execution Vulnerability."" This affects Windows 7, Windows Server 2012 R2, Windows RT 8.1, Windows Server 2008, Windows Server 2019, Windows Server 2012, Windows 8.1, Windows Server 20",The CVE description concerns a different behavior or consequence and does not describe redirecting execution through loader or search-path hijacking.,high,False,CVE description and ATT&CK technique definition only,test,source_test,16.625,0.0601503759398
LSA-11C55E9BD644,CVE_2020_0671,"An elevation of privilege vulnerability exists when the Windows kernel fails to properly handle objects in memory, aka 'Windows Kernel Elevation of Privilege Vulnerability'. This CVE ID is unique from CVE-2020-0668, CVE-2020-0669, CVE-2020-0670, CVE-2020-0672.",T1574,Hijack Execution Flow,"Adversaries may execute their own malicious payloads by hijacking the way operating systems run programs. Hijacking execution flow can be for the purposes of persistence, since this hijacked execution may reoccur over time. Adversaries may also use these mechanisms to elevate privileges or evade defenses, such as application control or other restrictions on execution. There are many ways an adversary may hijack the flow of execution, including by manipulating how the operating system locates programs to be executed. How the operating system locates libraries to be used by a program can also be intercepted. Locations where the operating system looks for programs/resources, such as file directories and in the case of Windows the Registry, could also be poisoned to include malicious payloads.",unsupported,"An elevation of privilege vulnerability exists when the Windows kernel fails to properly handle objects in memory, aka 'Windows Kernel Elevation of Privilege Vulnerability'.",The CVE description concerns a different behavior or consequence and does not describe redirecting execution through loader or search-path hijacking.,high,False,CVE description and ATT&CK technique definition only,test,source_test,16.625,0.0601503759398
LSA-DC1B954AAB40,CVE_2020_11068,"In LoRaMac-node before 4.4.4, a reception buffer overflow can happen due to the received buffer size not being checked. This has been fixed in 4.4.4.",T1574,Hijack Execution Flow,"Adversaries may execute their own malicious payloads by hijacking the way operating systems run programs. Hijacking execution flow can be for the purposes of persistence, since this hijacked execution may reoccur over time. Adversaries may also use these mechanisms to elevate privileges or evade defenses, such as application control or other restrictions on execution. There are many ways an adversary may hijack the flow of execution, including by manipulating how the operating system locates programs to be executed. How the operating system locates libraries to be used by a program can also be intercepted. Locations where the operating system looks for programs/resources, such as file directories and in the case of Windows the Registry, could also be poisoned to include malicious payloads.",unsupported,"In LoRaMac-node before 4.4.4, a reception buffer overflow can happen due to the received buffer size not being checked.",The CVE description concerns a different behavior or consequence and does not describe redirecting execution through loader or search-path hijacking.,high,False,CVE description and ATT&CK technique definition only,development,source_train,16.625,0.0601503759398
LSA-8B66A8A6F4E6,CVE_2020_24160,"Shenzhen Tencent TIM Windows client 3.0.0.21315 has a DLL hijacking vulnerability, which can be exploited by attackers to execute malicious code.",T1574,Hijack Execution Flow,"Adversaries may execute their own malicious payloads by hijacking the way operating systems run programs. Hijacking execution flow can be for the purposes of persistence, since this hijacked execution may reoccur over time. Adversaries may also use these mechanisms to elevate privileges or evade defenses, such as application control or other restrictions on execution. There are many ways an adversary may hijack the flow of execution, including by manipulating how the operating system locates programs to be executed. How the operating system locates libraries to be used by a program can also be intercepted. Locations where the operating system looks for programs/resources, such as file directories and in the case of Windows the Registry, could also be poisoned to include malicious payloads.",directly_supported,"Shenzhen Tencent TIM Windows client 3.0.0.21315 has a DLL hijacking vulnerability, which can be exploited by attackers to execute malicious code.",The CVE description explicitly describes redirecting execution through loader or search-path hijacking; the central behavior is stated rather than inferred.,high,False,CVE description and ATT&CK technique definition only,development,source_train,16.625,0.0601503759398
LSA-0F44D025E751,CVE_2022_0014,An untrusted search path vulnerability exists in the Palo Alto Networks Cortex XDR agent that enables a local attacker with file creation privilege in the Windows root directory (such as C:\) to store a program that can then be unintentionally executed by another local user when that user utilizes a Live Terminal session. This issue impacts: Cortex XDR agent 5.0 versions earlier than Cortex XDR agent 5.0.12; Cortex XDR agent 6.1 versions earlier than Cortex XDR agent 6.1.9; Cortex XDR agent 7.2 versions earlier than Cortex XDR agent 7.2.4; Cortex XDR agent 7.3 versions earlier than Cortex XDR agent 7.3.2.,T1574,Hijack Execution Flow,"Adversaries may execute their own malicious payloads by hijacking the way operating systems run programs. Hijacking execution flow can be for the purposes of persistence, since this hijacked execution may reoccur over time. Adversaries may also use these mechanisms to elevate privileges or evade defenses, such as application control or other restrictions on execution. There are many ways an adversary may hijack the flow of execution, including by manipulating how the operating system locates programs to be executed. How the operating system locates libraries to be used by a program can also be intercepted. Locations where the operating system looks for programs/resources, such as file directories and in the case of Windows the Registry, could also be poisoned to include malicious payloads.",directly_supported,An untrusted search path vulnerability exists in the Palo Alto Networks Cortex XDR agent that enables a local attacker with file creation privilege in the Windows root directory (such as C:\) to store a program that can then be unintentionally executed by another local user when that user utilizes a Live Terminal session.,The CVE description explicitly describes redirecting execution through loader or search-path hijacking; the central behavior is stated rather than inferred.,high,False,CVE description and ATT&CK technique definition only,test,source_test,16.625,0.0601503759398
LSA-6EBCCE8DC651,CVE_2022_21303,Vulnerability in the MySQL Server product of Oracle MySQL (component: Server: Stored Procedure). Supported versions that are affected are 5.7.36 and prior and 8.0.27 and prior. Easily exploitable vulnerability allows high privileged attacker with network access via multiple protocols to compromise MySQL Server. Successful attacks of this vulnerability can result in unauthorized ability to cause a hang or frequently repeatable crash (complete DOS) of MySQL Server. CVSS 3.1 Base Score 4.9 (Availability impacts). CVSS Vector: (CVSS:3.1/AV:N/AC:L/PR:H/UI:N/S:U/C:N/I:N/A:H).,T1574,Hijack Execution Flow,"Adversaries may execute their own malicious payloads by hijacking the way operating systems run programs. Hijacking execution flow can be for the purposes of persistence, since this hijacked execution may reoccur over time. Adversaries may also use these mechanisms to elevate privileges or evade defenses, such as application control or other restrictions on execution. There are many ways an adversary may hijack the flow of execution, including by manipulating how the operating system locates programs to be executed. How the operating system locates libraries to be used by a program can also be intercepted. Locations where the operating system looks for programs/resources, such as file directories and in the case of Windows the Registry, could also be poisoned to include malicious payloads.",unsupported,Successful attacks of this vulnerability can result in unauthorized ability to cause a hang or frequently repeatable crash (complete DOS) of MySQL Server.,The CVE description concerns a different behavior or consequence and does not describe redirecting execution through loader or search-path hijacking.,high,False,CVE description and ATT&CK technique definition only,test,source_train,16.625,0.0601503759398
LSA-38A1E2BA10A8,CVE_2020_14511,Malicious operation of the crafted web browser cookie may cause a stack-based buffer overflow in the system web server on the EDR-G902 and EDR-G903 Series Routers (versions prior to 5.4).,T1606,Forge Web Credentials,"Adversaries may forge credential materials that can be used to gain access to web applications or Internet services. Web applications and services (hosted in cloud SaaS environments or on-premise servers) often use session cookies, tokens, or other materials to authenticate and authorize user access. Adversaries may generate these credential materials in order to gain access to web resources. This differs from Steal Web Session Cookie, Steal Application Access Token, and other similar behaviors in that the credentials are new and forged by the adversary, rather than stolen or intercepted from legitimate users. The generation of web credentials often requires secret values, such as passwords, Private Keys, or other cryptographic seed values. Adversaries may also forge tokens by taking advantage of features such as the `AssumeRole` and `GetFederationToken` APIs in AWS, which allow users to request temporary security credentials (i.e., Temporary Elevated Cloud Access), or the `zmprov gdpak` command in Zimbra, which generates a pre-authentication key that can be used to generate tokens for any user in the domain. Once forged, adversaries may use these web credentials to access resources (ex: Use Alternate Authentication Material), which may bypass multi-factor and other authentication protection mechanisms.",unsupported,Malicious operation of the crafted web browser cookie may cause a stack-based buffer overflow in the system web server on the EDR-G902 and EDR-G903 Series Routers (versions prior to 5.4).,The CVE description concerns a different behavior or consequence and does not describe forging or fixing web session credentials.,high,False,CVE description and ATT&CK technique definition only,development,source_train,2.625,0.380952380952
LSA-AC4F524F5F36,CVE_2020_24876,"Use of a hard-coded cryptographic key in Pancake versions &lt; 4.13.29 allows an attacker to forge session cookies, which may lead to remote privilege escalation.",T1606,Forge Web Credentials,"Adversaries may forge credential materials that can be used to gain access to web applications or Internet services. Web applications and services (hosted in cloud SaaS environments or on-premise servers) often use session cookies, tokens, or other materials to authenticate and authorize user access. Adversaries may generate these credential materials in order to gain access to web resources. This differs from Steal Web Session Cookie, Steal Application Access Token, and other similar behaviors in that the credentials are new and forged by the adversary, rather than stolen or intercepted from legitimate users. The generation of web credentials often requires secret values, such as passwords, Private Keys, or other cryptographic seed values. Adversaries may also forge tokens by taking advantage of features such as the `AssumeRole` and `GetFederationToken` APIs in AWS, which allow users to request temporary security credentials (i.e., Temporary Elevated Cloud Access), or the `zmprov gdpak` command in Zimbra, which generates a pre-authentication key that can be used to generate tokens for any user in the domain. Once forged, adversaries may use these web credentials to access resources (ex: Use Alternate Authentication Material), which may bypass multi-factor and other authentication protection mechanisms.",directly_supported,"Use of a hard-coded cryptographic key in Pancake versions &lt; 4.13.29 allows an attacker to forge session cookies, which may lead to remote privilege escalation.",The CVE description explicitly describes forging or fixing web session credentials; the central behavior is stated rather than inferred.,high,False,CVE description and ATT&CK technique definition only,test,source_test,2.625,0.380952380952
LSA-05870507EDC1,CVE_2020_6876,"A ZTE product is impacted by an XSS vulnerability. The vulnerability is caused by the lack of correct verification of client data in the WEB module. By inserting malicious scripts into the web module, a remote attacker could trigger an XSS attack when the user browses the web page. Then the attacker could use the vulnerability to steal user cookies or destroy the page structure. This affects: eVDC ZXCLOUD-iROSV6.03.04",T1606,Forge Web Credentials,"Adversaries may forge credential materials that can be used to gain access to web applications or Internet services. Web applications and services (hosted in cloud SaaS environments or on-premise servers) often use session cookies, tokens, or other materials to authenticate and authorize user access. Adversaries may generate these credential materials in order to gain access to web resources. This differs from Steal Web Session Cookie, Steal Application Access Token, and other similar behaviors in that the credentials are new and forged by the adversary, rather than stolen or intercepted from legitimate users. The generation of web credentials often requires secret values, such as passwords, Private Keys, or other cryptographic seed values. Adversaries may also forge tokens by taking advantage of features such as the `AssumeRole` and `GetFederationToken` APIs in AWS, which allow users to request temporary security credentials (i.e., Temporary Elevated Cloud Access), or the `zmprov gdpak` command in Zimbra, which generates a pre-authentication key that can be used to generate tokens for any user in the domain. Once forged, adversaries may use these web credentials to access resources (ex: Use Alternate Authentication Material), which may bypass multi-factor and other authentication protection mechanisms.",inferential_or_plausible,"By inserting malicious scripts into the web module, a remote attacker could trigger an XSS attack when the user browses the web page.","The vulnerability could enable forging or fixing web session credentials, but the CVE text does not explicitly establish every element of the ATT&CK technique.",medium,False,CVE description and ATT&CK technique definition only,test,source_train,2.625,0.380952380952
LSA-5656A4765E71,CVE_2021_20446,IBM Maximo for Civil Infrastructure 7.6.2 is vulnerable to cross-site scripting. This vulnerability allows users to embed arbitrary JavaScript code in the Web UI thus altering the intended functionality potentially leading to credentials disclosure within a trusted session. IBM X-Force ID: 196622.,T1606,Forge Web Credentials,"Adversaries may forge credential materials that can be used to gain access to web applications or Internet services. Web applications and services (hosted in cloud SaaS environments or on-premise servers) often use session cookies, tokens, or other materials to authenticate and authorize user access. Adversaries may generate these credential materials in order to gain access to web resources. This differs from Steal Web Session Cookie, Steal Application Access Token, and other similar behaviors in that the credentials are new and forged by the adversary, rather than stolen or intercepted from legitimate users. The generation of web credentials often requires secret values, such as passwords, Private Keys, or other cryptographic seed values. Adversaries may also forge tokens by taking advantage of features such as the `AssumeRole` and `GetFederationToken` APIs in AWS, which allow users to request temporary security credentials (i.e., Temporary Elevated Cloud Access), or the `zmprov gdpak` command in Zimbra, which generates a pre-authentication key that can be used to generate tokens for any user in the domain. Once forged, adversaries may use these web credentials to access resources (ex: Use Alternate Authentication Material), which may bypass multi-factor and other authentication protection mechanisms.",inferential_or_plausible,This vulnerability allows users to embed arbitrary JavaScript code in the Web UI thus altering the intended functionality potentially leading to credentials disclosure within a trusted session.,"The vulnerability could enable forging or fixing web session credentials, but the CVE text does not explicitly establish every element of the ATT&CK technique.",medium,False,CVE description and ATT&CK technique definition only,test,source_train,2.625,0.380952380952
LSA-D2FDF8D04841,CVE_2021_22856,The CGE property management system contains SQL Injection vulnerabilities. Remote attackers can inject SQL commands into the parameters in Cookie and obtain data in the database without privilege.,T1606,Forge Web Credentials,"Adversaries may forge credential materials that can be used to gain access to web applications or Internet services. Web applications and services (hosted in cloud SaaS environments or on-premise servers) often use session cookies, tokens, or other materials to authenticate and authorize user access. Adversaries may generate these credential materials in order to gain access to web resources. This differs from Steal Web Session Cookie, Steal Application Access Token, and other similar behaviors in that the credentials are new and forged by the adversary, rather than stolen or intercepted from legitimate users. The generation of web credentials often requires secret values, such as passwords, Private Keys, or other cryptographic seed values. Adversaries may also forge tokens by taking advantage of features such as the `AssumeRole` and `GetFederationToken` APIs in AWS, which allow users to request temporary security credentials (i.e., Temporary Elevated Cloud Access), or the `zmprov gdpak` command in Zimbra, which generates a pre-authentication key that can be used to generate tokens for any user in the domain. Once forged, adversaries may use these web credentials to access resources (ex: Use Alternate Authentication Material), which may bypass multi-factor and other authentication protection mechanisms.",unsupported,Remote attackers can inject SQL commands into the parameters in Cookie and obtain data in the database without privilege.,The CVE description concerns a different behavior or consequence and does not describe forging or fixing web session credentials.,high,False,CVE description and ATT&CK technique definition only,test,source_train,2.625,0.380952380952
LSA-A2B438D73CB4,CVE_2021_23345,"All versions of package github.com/thecodingmachine/gotenberg are vulnerable to Server-side Request Forgery (SSRF) via the /convert/html endpoint when the src attribute of an HTML element refers to an internal system file, such as &lt;iframe src='file:///etc/passwd'&gt;.",T1606,Forge Web Credentials,"Adversaries may forge credential materials that can be used to gain access to web applications or Internet services. Web applications and services (hosted in cloud SaaS environments or on-premise servers) often use session cookies, tokens, or other materials to authenticate and authorize user access. Adversaries may generate these credential materials in order to gain access to web resources. This differs from Steal Web Session Cookie, Steal Application Access Token, and other similar behaviors in that the credentials are new and forged by the adversary, rather than stolen or intercepted from legitimate users. The generation of web credentials often requires secret values, such as passwords, Private Keys, or other cryptographic seed values. Adversaries may also forge tokens by taking advantage of features such as the `AssumeRole` and `GetFederationToken` APIs in AWS, which allow users to request temporary security credentials (i.e., Temporary Elevated Cloud Access), or the `zmprov gdpak` command in Zimbra, which generates a pre-authentication key that can be used to generate tokens for any user in the domain. Once forged, adversaries may use these web credentials to access resources (ex: Use Alternate Authentication Material), which may bypass multi-factor and other authentication protection mechanisms.",unsupported,"All versions of package github.com/thecodingmachine/gotenberg are vulnerable to Server-side Request Forgery (SSRF) via the /convert/html endpoint when the src attribute of an HTML element refers to an internal system file, such as &lt;iframe src='file:///etc/passwd'&gt;.",The CVE description concerns a different behavior or consequence and does not describe forging or fixing web session credentials.,high,False,CVE description and ATT&CK technique definition only,test,source_train,2.625,0.380952380952
LSA-FDB5021DDB59,CVE_2021_27453,"Mesa Labs AmegaView Versions 3.0 uses default cookies that could be set to bypass authentication to the web application, which may allow an attacker to gain access.",T1606,Forge Web Credentials,"Adversaries may forge credential materials that can be used to gain access to web applications or Internet services. Web applications and services (hosted in cloud SaaS environments or on-premise servers) often use session cookies, tokens, or other materials to authenticate and authorize user access. Adversaries may generate these credential materials in order to gain access to web resources. This differs from Steal Web Session Cookie, Steal Application Access Token, and other similar behaviors in that the credentials are new and forged by the adversary, rather than stolen or intercepted from legitimate users. The generation of web credentials often requires secret values, such as passwords, Private Keys, or other cryptographic seed values. Adversaries may also forge tokens by taking advantage of features such as the `AssumeRole` and `GetFederationToken` APIs in AWS, which allow users to request temporary security credentials (i.e., Temporary Elevated Cloud Access), or the `zmprov gdpak` command in Zimbra, which generates a pre-authentication key that can be used to generate tokens for any user in the domain. Once forged, adversaries may use these web credentials to access resources (ex: Use Alternate Authentication Material), which may bypass multi-factor and other authentication protection mechanisms.",inferential_or_plausible,"Mesa Labs AmegaView Versions 3.0 uses default cookies that could be set to bypass authentication to the web application, which may allow an attacker to gain access.","The vulnerability could enable forging or fixing web session credentials, but the CVE text does not explicitly establish every element of the ATT&CK technique.",low,True,CVE description and ATT&CK technique definition only,test,source_test,2.625,0.380952380952
LSA-ED173A2BE106,CVE_2021_33394,"Cubecart 6.4.2 allows Session Fixation. The application does not generate a new session cookie after the user is logged in. A malicious user is able to create a new session cookie value and inject it to a victim. After the victim logs in, the injected cookie becomes valid, giving the attacker access to the user's account through the active session.",T1606,Forge Web Credentials,"Adversaries may forge credential materials that can be used to gain access to web applications or Internet services. Web applications and services (hosted in cloud SaaS environments or on-premise servers) often use session cookies, tokens, or other materials to authenticate and authorize user access. Adversaries may generate these credential materials in order to gain access to web resources. This differs from Steal Web Session Cookie, Steal Application Access Token, and other similar behaviors in that the credentials are new and forged by the adversary, rather than stolen or intercepted from legitimate users. The generation of web credentials often requires secret values, such as passwords, Private Keys, or other cryptographic seed values. Adversaries may also forge tokens by taking advantage of features such as the `AssumeRole` and `GetFederationToken` APIs in AWS, which allow users to request temporary security credentials (i.e., Temporary Elevated Cloud Access), or the `zmprov gdpak` command in Zimbra, which generates a pre-authentication key that can be used to generate tokens for any user in the domain. Once forged, adversaries may use these web credentials to access resources (ex: Use Alternate Authentication Material), which may bypass multi-factor and other authentication protection mechanisms.",directly_supported,"After the victim logs in, the injected cookie becomes valid, giving the attacker access to the user's account through the active session.",The CVE description explicitly describes forging or fixing web session credentials; the central behavior is stated rather than inferred.,high,False,CVE description and ATT&CK technique definition only,test,source_train,2.625,0.380952380952
LSA-1E4B210DB797,CVE_2008_3431,"The VBoxDrvNtDeviceControl function in VBoxDrv.sys in Sun xVM VirtualBox before 1.6.4 uses the METHOD_NEITHER communication method for IOCTLs and does not properly validate a buffer associated with the Irp object, which allows local users to gain privileges by opening the \\.\VBoxDrv device and calling DeviceIoControl to send a crafted kernel address.",T1608,Stage Capabilities,"Adversaries may upload, install, or otherwise set up capabilities that can be used during targeting. To support their operations, an adversary may need to take capabilities they developed (Develop Capabilities) or obtained (Obtain Capabilities) and stage them on infrastructure under their control. These capabilities may be staged on infrastructure that was previously purchased/rented by the adversary (Acquire Infrastructure) or was otherwise compromised by them (Compromise Infrastructure). Capabilities may also be staged on web services, such as GitHub or Pastebin, or on Platform-as-a-Service (PaaS) offerings that enable users to easily provision applications. Staging of capabilities can aid the adversary in a number of initial access and post-compromise behaviors, including (but not limited to): * Staging web resources necessary to conduct Drive-by Compromise when a user browses to a site. * Staging web resources for a link target to be used with spearphishing. * Uploading malware or tools to a location accessible to a victim network to enable Ingress Tool Transfer. * Installing a previously acquired SSL/TLS certificate to use to encrypt command and control traffic (ex: Asymmetric Cryptography with Web Protocols).",unsupported,"The VBoxDrvNtDeviceControl function in VBoxDrv.sys in Sun xVM VirtualBox before 1.6.4 uses the METHOD_NEITHER communication method for IOCTLs and does not properly validate a buffer associated with the Irp object, which allows local users to gain privileges by opening the \\.\VBoxDrv device and calling DeviceIoControl to send a crafted ke","The CVE description concerns a different behavior or consequence and does not describe preparing infrastructure, payloads, or capabilities before an operation.",high,False,CVE description and ATT&CK technique definition only,development,source_train,3.375,0.296296296296
LSA-00E57CDEE2F8,CVE_2010_0232,"The kernel in Microsoft Windows NT 3.1 through Windows 7, including Windows 2000 SP4, Windows XP SP2 and SP3, Windows Server 2003 SP2, Windows Vista Gold, SP1, and SP2, and Windows Server 2008 Gold and SP2, when access to 16-bit applications is enabled on a 32-bit x86 platform, does not properly validate certain BIOS calls, which allows local users to gain privileges by crafting a VDM_TIB data structure in the Thread Environment Block (TEB), and then calling the NtVdmControl function to start the Windows Virtual DOS Machine (aka NTVDM) subsystem, leading to improperly handled exceptions involving the #GP trap handler (nt!KiTrap0D), aka ""Windows Kernel Exception Handler Vulnerability.""",T1608,Stage Capabilities,"Adversaries may upload, install, or otherwise set up capabilities that can be used during targeting. To support their operations, an adversary may need to take capabilities they developed (Develop Capabilities) or obtained (Obtain Capabilities) and stage them on infrastructure under their control. These capabilities may be staged on infrastructure that was previously purchased/rented by the adversary (Acquire Infrastructure) or was otherwise compromised by them (Compromise Infrastructure). Capabilities may also be staged on web services, such as GitHub or Pastebin, or on Platform-as-a-Service (PaaS) offerings that enable users to easily provision applications. Staging of capabilities can aid the adversary in a number of initial access and post-compromise behaviors, including (but not limited to): * Staging web resources necessary to conduct Drive-by Compromise when a user browses to a site. * Staging web resources for a link target to be used with spearphishing. * Uploading malware or tools to a location accessible to a victim network to enable Ingress Tool Transfer. * Installing a previously acquired SSL/TLS certificate to use to encrypt command and control traffic (ex: Asymmetric Cryptography with Web Protocols).",unsupported,"The kernel in Microsoft Windows NT 3.1 through Windows 7, including Windows 2000 SP4, Windows XP SP2 and SP3, Windows Server 2003 SP2, Windows Vista Gold, SP1, and SP2, and Windows Server 2008 Gold and SP2, when access to 16-bit applications is enabled on a 32-bit x86 platform, does not properly validate certain BIOS calls, which allows l","The CVE description concerns a different behavior or consequence and does not describe preparing infrastructure, payloads, or capabilities before an operation.",high,False,CVE description and ATT&CK technique definition only,test,source_train,3.375,0.296296296296
LSA-DC480415F1C5,CVE_2010_3081,"The compat_alloc_user_space functions in include/asm/compat.h files in the Linux kernel before 2.6.36-rc4-git2 on 64-bit platforms do not properly allocate the userspace memory required for the 32-bit compatibility layer, which allows local users to gain privileges by leveraging the ability of the compat_mc_getsockopt function (aka the MCAST_MSFILTER getsockopt support) to control a certain length value, related to a ""stack pointer underflow"" issue, as exploited in the wild in September 2010.",T1608,Stage Capabilities,"Adversaries may upload, install, or otherwise set up capabilities that can be used during targeting. To support their operations, an adversary may need to take capabilities they developed (Develop Capabilities) or obtained (Obtain Capabilities) and stage them on infrastructure under their control. These capabilities may be staged on infrastructure that was previously purchased/rented by the adversary (Acquire Infrastructure) or was otherwise compromised by them (Compromise Infrastructure). Capabilities may also be staged on web services, such as GitHub or Pastebin, or on Platform-as-a-Service (PaaS) offerings that enable users to easily provision applications. Staging of capabilities can aid the adversary in a number of initial access and post-compromise behaviors, including (but not limited to): * Staging web resources necessary to conduct Drive-by Compromise when a user browses to a site. * Staging web resources for a link target to be used with spearphishing. * Uploading malware or tools to a location accessible to a victim network to enable Ingress Tool Transfer. * Installing a previously acquired SSL/TLS certificate to use to encrypt command and control traffic (ex: Asymmetric Cryptography with Web Protocols).",unsupported,"The compat_alloc_user_space functions in include/asm/compat.h files in the Linux kernel before 2.6.36-rc4-git2 on 64-bit platforms do not properly allocate the userspace memory required for the 32-bit compatibility layer, which allows local users to gain privileges by leveraging the ability of the compat_mc_getsockopt function (aka the MC","The CVE description concerns a different behavior or consequence and does not describe preparing infrastructure, payloads, or capabilities before an operation.",high,False,CVE description and ATT&CK technique definition only,test,source_train,3.375,0.296296296296
LSA-C1AF0DBEE40A,CVE_2011_1249,"The Ancillary Function Driver (AFD) in afd.sys in Microsoft Windows XP SP2 and SP3, Windows Server 2003 SP2, Windows Vista SP1 and SP2, Windows Server 2008 Gold, SP2, R2, and R2 SP1, and Windows 7 Gold and SP1 does not properly validate user-mode input, which allows local users to gain privileges via a crafted application, aka ""Ancillary Function Driver Elevation of Privilege Vulnerability.""",T1608,Stage Capabilities,"Adversaries may upload, install, or otherwise set up capabilities that can be used during targeting. To support their operations, an adversary may need to take capabilities they developed (Develop Capabilities) or obtained (Obtain Capabilities) and stage them on infrastructure under their control. These capabilities may be staged on infrastructure that was previously purchased/rented by the adversary (Acquire Infrastructure) or was otherwise compromised by them (Compromise Infrastructure). Capabilities may also be staged on web services, such as GitHub or Pastebin, or on Platform-as-a-Service (PaaS) offerings that enable users to easily provision applications. Staging of capabilities can aid the adversary in a number of initial access and post-compromise behaviors, including (but not limited to): * Staging web resources necessary to conduct Drive-by Compromise when a user browses to a site. * Staging web resources for a link target to be used with spearphishing. * Uploading malware or tools to a location accessible to a victim network to enable Ingress Tool Transfer. * Installing a previously acquired SSL/TLS certificate to use to encrypt command and control traffic (ex: Asymmetric Cryptography with Web Protocols).",unsupported,"The Ancillary Function Driver (AFD) in afd.sys in Microsoft Windows XP SP2 and SP3, Windows Server 2003 SP2, Windows Vista SP1 and SP2, Windows Server 2008 Gold, SP2, R2, and R2 SP1, and Windows 7 Gold and SP1 does not properly validate user-mode input, which allows local users to gain privileges via a crafted application, aka ""Ancillary ","The CVE description concerns a different behavior or consequence and does not describe preparing infrastructure, payloads, or capabilities before an operation.",high,False,CVE description and ATT&CK technique definition only,test,source_train,3.375,0.296296296296
LSA-71AD3B175C56,CVE_2015_2546,"The kernel-mode driver in Microsoft Windows Vista SP2, Windows Server 2008 SP2 and R2 SP1, Windows 7 SP1, Windows 8, Windows 8.1, Windows Server 2012 Gold and R2, Windows RT Gold and 8.1, and Windows 10 allows local users to gain privileges via a crafted application, aka ""Win32k Memory Corruption Elevation of Privilege Vulnerability,"" a different vulnerability than CVE-2015-2511, CVE-2015-2517, and CVE-2015-2518.",T1608,Stage Capabilities,"Adversaries may upload, install, or otherwise set up capabilities that can be used during targeting. To support their operations, an adversary may need to take capabilities they developed (Develop Capabilities) or obtained (Obtain Capabilities) and stage them on infrastructure under their control. These capabilities may be staged on infrastructure that was previously purchased/rented by the adversary (Acquire Infrastructure) or was otherwise compromised by them (Compromise Infrastructure). Capabilities may also be staged on web services, such as GitHub or Pastebin, or on Platform-as-a-Service (PaaS) offerings that enable users to easily provision applications. Staging of capabilities can aid the adversary in a number of initial access and post-compromise behaviors, including (but not limited to): * Staging web resources necessary to conduct Drive-by Compromise when a user browses to a site. * Staging web resources for a link target to be used with spearphishing. * Uploading malware or tools to a location accessible to a victim network to enable Ingress Tool Transfer. * Installing a previously acquired SSL/TLS certificate to use to encrypt command and control traffic (ex: Asymmetric Cryptography with Web Protocols).",unsupported,"The kernel-mode driver in Microsoft Windows Vista SP2, Windows Server 2008 SP2 and R2 SP1, Windows 7 SP1, Windows 8, Windows 8.1, Windows Server 2012 Gold and R2, Windows RT Gold and 8.1, and Windows 10 allows local users to gain privileges via a crafted application, aka ""Win32k Memory Corruption Elevation of Privilege Vulnerability,"" a d","The CVE description concerns a different behavior or consequence and does not describe preparing infrastructure, payloads, or capabilities before an operation.",high,False,CVE description and ATT&CK technique definition only,development,source_train,3.375,0.296296296296
LSA-01195031B325,CVE_2018_19320,"The GDrv low-level driver in GIGABYTE APP Center v1.05.21 and earlier, AORUS GRAPHICS ENGINE before 1.57, XTREME GAMING ENGINE before 1.26, and OC GURU II v2.08 exposes ring0 memcpy-like functionality that could allow a local attacker to take complete control of the affected system.",T1608,Stage Capabilities,"Adversaries may upload, install, or otherwise set up capabilities that can be used during targeting. To support their operations, an adversary may need to take capabilities they developed (Develop Capabilities) or obtained (Obtain Capabilities) and stage them on infrastructure under their control. These capabilities may be staged on infrastructure that was previously purchased/rented by the adversary (Acquire Infrastructure) or was otherwise compromised by them (Compromise Infrastructure). Capabilities may also be staged on web services, such as GitHub or Pastebin, or on Platform-as-a-Service (PaaS) offerings that enable users to easily provision applications. Staging of capabilities can aid the adversary in a number of initial access and post-compromise behaviors, including (but not limited to): * Staging web resources necessary to conduct Drive-by Compromise when a user browses to a site. * Staging web resources for a link target to be used with spearphishing. * Uploading malware or tools to a location accessible to a victim network to enable Ingress Tool Transfer. * Installing a previously acquired SSL/TLS certificate to use to encrypt command and control traffic (ex: Asymmetric Cryptography with Web Protocols).",unsupported,"The GDrv low-level driver in GIGABYTE APP Center v1.05.21 and earlier, AORUS GRAPHICS ENGINE before 1.57, XTREME GAMING ENGINE before 1.26, and OC GURU II v2.08 exposes ring0 memcpy-like functionality that could allow a local attacker to take complete control of the affected system.","The CVE description concerns a different behavior or consequence and does not describe preparing infrastructure, payloads, or capabilities before an operation.",high,False,CVE description and ATT&CK technique definition only,test,source_train,3.375,0.296296296296
LSA-EA23A47DB8B3,CVE_2018_8453,"An elevation of privilege vulnerability exists in Windows when the Win32k component fails to properly handle objects in memory, aka ""Win32k Elevation of Privilege Vulnerability."" This affects Windows 7, Windows Server 2012 R2, Windows RT 8.1, Windows Server 2008, Windows Server 2019, Windows Server 2012, Windows 8.1, Windows Server 2016, Windows Server 2008 R2, Windows 10, Windows 10 Servers.",T1608,Stage Capabilities,"Adversaries may upload, install, or otherwise set up capabilities that can be used during targeting. To support their operations, an adversary may need to take capabilities they developed (Develop Capabilities) or obtained (Obtain Capabilities) and stage them on infrastructure under their control. These capabilities may be staged on infrastructure that was previously purchased/rented by the adversary (Acquire Infrastructure) or was otherwise compromised by them (Compromise Infrastructure). Capabilities may also be staged on web services, such as GitHub or Pastebin, or on Platform-as-a-Service (PaaS) offerings that enable users to easily provision applications. Staging of capabilities can aid the adversary in a number of initial access and post-compromise behaviors, including (but not limited to): * Staging web resources necessary to conduct Drive-by Compromise when a user browses to a site. * Staging web resources for a link target to be used with spearphishing. * Uploading malware or tools to a location accessible to a victim network to enable Ingress Tool Transfer. * Installing a previously acquired SSL/TLS certificate to use to encrypt command and control traffic (ex: Asymmetric Cryptography with Web Protocols).",unsupported,"An elevation of privilege vulnerability exists in Windows when the Win32k component fails to properly handle objects in memory, aka ""Win32k Elevation of Privilege Vulnerability."" This affects Windows 7, Windows Server 2012 R2, Windows RT 8.1, Windows Server 2008, Windows Server 2019, Windows Server 2012, Windows 8.1, Windows Server 2016, ","The CVE description concerns a different behavior or consequence and does not describe preparing infrastructure, payloads, or capabilities before an operation.",high,False,CVE description and ATT&CK technique definition only,test,source_train,3.375,0.296296296296
LSA-2DCFF7A9E6E8,CVE_2019_1781,"A vulnerability in the CLI of Cisco FXOS Software and Cisco NX-OS Software could allow an authenticated, local attacker to execute arbitrary commands on the underlying operating system of an affected device. This vulnerability is due to insufficient validation of arguments passed to certain CLI commands. An attacker could exploit this vulnerability by including malicious input as the argument of an affected command. A successful exploit could allow the attacker to execute arbitrary commands on the underlying operating system with elevated privileges. An attacker would need administrator credentials to exploit this vulnerability.",T1608,Stage Capabilities,"Adversaries may upload, install, or otherwise set up capabilities that can be used during targeting. To support their operations, an adversary may need to take capabilities they developed (Develop Capabilities) or obtained (Obtain Capabilities) and stage them on infrastructure under their control. These capabilities may be staged on infrastructure that was previously purchased/rented by the adversary (Acquire Infrastructure) or was otherwise compromised by them (Compromise Infrastructure). Capabilities may also be staged on web services, such as GitHub or Pastebin, or on Platform-as-a-Service (PaaS) offerings that enable users to easily provision applications. Staging of capabilities can aid the adversary in a number of initial access and post-compromise behaviors, including (but not limited to): * Staging web resources necessary to conduct Drive-by Compromise when a user browses to a site. * Staging web resources for a link target to be used with spearphishing. * Uploading malware or tools to a location accessible to a victim network to enable Ingress Tool Transfer. * Installing a previously acquired SSL/TLS certificate to use to encrypt command and control traffic (ex: Asymmetric Cryptography with Web Protocols).",unsupported,"A vulnerability in the CLI of Cisco FXOS Software and Cisco NX-OS Software could allow an authenticated, local attacker to execute arbitrary commands on the underlying operating system of an affected device.","The CVE description concerns a different behavior or consequence and does not describe preparing infrastructure, payloads, or capabilities before an operation.",high,False,CVE description and ATT&CK technique definition only,test,source_test,3.375,0.296296296296
